i   AlignChn ScoredChain  AlignResNum  AlignResType  AlignRespLDDT      n0chn  n0dom  n0res    d0chn     d0dom     d0res   ipTM_pae  ipSAE_d0chn ipSAE_d0dom    ipSAE 
1       A         B            1           VAL            0.00           282    282     13     6.185     6.185     1.000     0.1783      0.3592      0.3592      0.0148
2       A         B            2           LEU            0.00           282    282    141     6.185     6.185     4.416     0.5791      0.5791      0.5791      0.4178
3       A         B            3           SER            0.00           282    282    141     6.185     6.185     4.416     0.6729      0.6729      0.6729      0.5157
4       A         B            4           PRO            0.00           282    282    141     6.185     6.185     4.416     0.6750      0.6750      0.6750      0.5179
5       A         B            5           ALA            0.00           282    282    141     6.185     6.185     4.416     0.6466      0.6466      0.6466      0.4875
6       A         B            6           ASP            0.00           282    282    141     6.185     6.185     4.416     0.7066      0.7066      0.7066      0.5555
7       A         B            7           LYS            0.00           282    282    141     6.185     6.185     4.416     0.7069      0.7069      0.7069      0.5555
8       A         B            8           THR            0.00           282    282    141     6.185     6.185     4.416     0.6951      0.6951      0.6951      0.5409
9       A         B            9           ASN            0.00           282    282    141     6.185     6.185     4.416     0.7175      0.7175      0.7175      0.5678
10      A         B           10           VAL            0.00           282    282    141     6.185     6.185     4.416     0.7112      0.7112      0.7112      0.5605
11      A         B           11           LYS            0.00           282    282    141     6.185     6.185     4.416     0.7041      0.7041      0.7041      0.5513
12      A         B           12           ALA            0.00           282    282    141     6.185     6.185     4.416     0.6749      0.6749      0.6749      0.5173
13      A         B           13           ALA            0.00           282    282    141     6.185     6.185     4.416     0.6672      0.6672      0.6672      0.5090
14      A         B           14           TRP            0.00           282    282    141     6.185     6.185     4.416     0.6646      0.6646      0.6646      0.5059
15      A         B           15           GLY            0.00           282    282    141     6.185     6.185     4.416     0.6497      0.6497      0.6497      0.4884
16      A         B           16           LYS            0.00           282    282    141     6.185     6.185     4.416     0.5406      0.5406      0.5406      0.3781
17      A         B           17           VAL            0.00           282    282    135     6.185     6.185     4.316     0.3848      0.3898      0.3898      0.2398
18      A         B           18           GLY            0.00           282    282     14     6.185     6.185     1.000     0.2262      0.3029      0.3029      0.0113
19      A         B           19           ALA            0.00           282    282     42     6.185     6.185     1.920     0.2520      0.3042      0.3042      0.0405
20      A         B           20           HIS            0.00           282    282    141     6.185     6.185     4.416     0.4623      0.4623      0.4623      0.3066
21      A         B           21           ALA            0.00           282    282    141     6.185     6.185     4.416     0.4497      0.4497      0.4497      0.2955
22      A         B           22           GLY            0.00           282    282    141     6.185     6.185     4.416     0.5184      0.5184      0.5184      0.3566
23      A         B           23           GLU            0.00           282    282    141     6.185     6.185     4.416     0.5819      0.5819      0.5819      0.4177
24      A         B           24           TYR            0.00           282    282    141     6.185     6.185     4.416     0.6813      0.6813      0.6813      0.5244
25      A         B           25           GLY            0.00           282    282    141     6.185     6.185     4.416     0.6283      0.6283      0.6283      0.4658
26      A         B           26           ALA            0.00           282    282    141     6.185     6.185     4.416     0.6599      0.6599      0.6599      0.5001
27      A         B           27           GLU            0.00           282    282    141     6.185     6.185     4.416     0.6947      0.6947      0.6947      0.5402
28      A         B           28           ALA            0.00           282    282    141     6.185     6.185     4.416     0.6923      0.6923      0.6923      0.5372
29      A         B           29           LEU            0.00           282    282    141     6.185     6.185     4.416     0.7159      0.7159      0.7159      0.5654
30      A         B           30           GLU            0.00           282    282    141     6.185     6.185     4.416     0.6872      0.6872      0.6872      0.5313
31      A         B           31           ARG            0.00           282    282    141     6.185     6.185     4.416     0.7265      0.7265      0.7265      0.5785
32      A         B           32           MET            0.00           282    282    141     6.185     6.185     4.416     0.6993      0.6993      0.6993      0.5461
33      A         B           33           PHE            0.00           282    282    141     6.185     6.185     4.416     0.6948      0.6948      0.6948      0.5407
34      A         B           34           LEU            0.00           282    282    141     6.185     6.185     4.416     0.7169      0.7169      0.7169      0.5670
35      A         B           35           SER            0.00           282    282    141     6.185     6.185     4.416     0.7034      0.7034      0.7034      0.5509
36      A         B           36           PHE            0.00           282    282    141     6.185     6.185     4.416     0.6878      0.6878      0.6878      0.5329
37      A         B           37           PRO            0.00           282    282    141     6.185     6.185     4.416     0.5380      0.5380      0.5380      0.3769
38      A         B           38           THR            0.00           282    282    141     6.185     6.185     4.416     0.5960      0.5960      0.5960      0.4329
39      A         B           39           THR            0.00           282    282    141     6.185     6.185     4.416     0.6055      0.6055      0.6055      0.4421
40      A         B           40           LYS            0.00           282    282    141     6.185     6.185     4.416     0.6774      0.6774      0.6774      0.5210
41      A         B           41           THR            0.00           282    282    141     6.185     6.185     4.416     0.5217      0.5217      0.5217      0.3604
42      A         B           42           TYR            0.00           282    282    141     6.185     6.185     4.416     0.5829      0.5829      0.5829      0.4189
43      A         B           43           PHE            0.00           282    282    141     6.185     6.185     4.416     0.5684      0.5684      0.5684      0.4041
44      A         B           44           PRO            0.00           282    282    141     6.185     6.185     4.416     0.4598      0.4598      0.4598      0.3047
45      A         B           45           HIS            0.00           282    282     49     6.185     6.185     2.217     0.2584      0.3103      0.3103      0.0548
46      A         B           46           PHE            0.00           282    282    141     6.185     6.185     4.416     0.4221      0.4221      0.4221      0.2726
47      A         B           47           ASP            0.00           282    282    141     6.185     6.185     4.416     0.4435      0.4435      0.4435      0.2904
48      A         B           48           LEU            0.00           282    282    141     6.185     6.185     4.416     0.4645      0.4645      0.4645      0.3082
49      A         B           49           SER            0.00           282    282    141     6.185     6.185     4.416     0.4240      0.4240      0.4240      0.2742
50      A         B           50           HIS            0.00           282    282    141     6.185     6.185     4.416     0.3986      0.3986      0.3986      0.2538
51      A         B           51           GLY            0.00           282    282    114     6.185     6.185     3.936     0.3151      0.3282      0.3282      0.1657
52      A         B           52           SER            0.00           282    282    121     6.185     6.185     4.068     0.3282      0.3394      0.3394      0.1825
53      A         B           53           ALA            0.00           282    282    141     6.185     6.185     4.416     0.4677      0.4677      0.4677      0.3111
54      A         B           54           GLN            0.00           282    282    141     6.185     6.185     4.416     0.5954      0.5954      0.5954      0.4311
55      A         B           55           VAL            0.00           282    282    141     6.185     6.185     4.416     0.6058      0.6058      0.6058      0.4417
56      A         B           56           LYS            0.00           282    282    141     6.185     6.185     4.416     0.5654      0.5654      0.5654      0.4011
57      A         B           57           GLY            0.00           282    282    141     6.185     6.185     4.416     0.5993      0.5993      0.5993      0.4348
58      A         B           58           HIS            0.00           282    282    141     6.185     6.185     4.416     0.6204      0.6204      0.6204      0.4572
59      A         B           59           GLY            0.00           282    282    141     6.185     6.185     4.416     0.5879      0.5879      0.5879      0.4241
60      A         B           60           LYS            0.00           282    282    141     6.185     6.185     4.416     0.5902      0.5902      0.5902      0.4262
61      A         B           61           LYS            0.00           282    282    141     6.185     6.185     4.416     0.6388      0.6388      0.6388      0.4767
62      A         B           62           VAL            0.00           282    282    141     6.185     6.185     4.416     0.5799      0.5799      0.5799      0.4162
63      A         B           63           ALA            0.00           282    282    141     6.185     6.185     4.416     0.6174      0.6174      0.6174      0.4544
64      A         B           64           ASP            0.00           282    282    141     6.185     6.185     4.416     0.6434      0.6434      0.6434      0.4817
65      A         B           65           ALA            0.00           282    282    141     6.185     6.185     4.416     0.6600      0.6600      0.6600      0.5001
66      A         B           66           LEU            0.00           282    282    141     6.185     6.185     4.416     0.6590      0.6590      0.6590      0.4993
67      A         B           67           THR            0.00           282    282    141     6.185     6.185     4.416     0.6968      0.6968      0.6968      0.5420
68      A         B           68           ASN            0.00           282    282    141     6.185     6.185     4.416     0.6943      0.6943      0.6943      0.5388
69      A         B           69           ALA            0.00           282    282    141     6.185     6.185     4.416     0.6913      0.6913      0.6913      0.5361
70      A         B           70           VAL            0.00           282    282    141     6.185     6.185     4.416     0.6944      0.6944      0.6944      0.5395
71      A         B           71           ALA            0.00           282    282    141     6.185     6.185     4.416     0.6285      0.6285      0.6285      0.4656
72      A         B           72           HIS            0.00           282    282    141     6.185     6.185     4.416     0.6652      0.6652      0.6652      0.5055
73      A         B           73           VAL            0.00           282    282    141     6.185     6.185     4.416     0.6379      0.6379      0.6379      0.4768
74      A         B           74           ASP            0.00           282    282    141     6.185     6.185     4.416     0.4960      0.4960      0.4960      0.3379
75      A         B           75           ASP            0.00           282    282    116     6.185     6.185     3.975     0.3725      0.3996      0.3996      0.2192
76      A         B           76           MET            0.00           282    282    141     6.185     6.185     4.416     0.5717      0.5717      0.5717      0.4086
77      A         B           77           PRO            0.00           282    282    141     6.185     6.185     4.416     0.6157      0.6157      0.6157      0.4533
78      A         B           78           ASN            0.00           282    282    141     6.185     6.185     4.416     0.6422      0.6422      0.6422      0.4806
79      A         B           79           ALA            0.00           282    282    141     6.185     6.185     4.416     0.6025      0.6025      0.6025      0.4384
80      A         B           80           LEU            0.00           282    282    141     6.185     6.185     4.416     0.6138      0.6138      0.6138      0.4506
81      A         B           81           SER            0.00           282    282    141     6.185     6.185     4.416     0.5929      0.5929      0.5929      0.4297
82      A         B           82           ALA            0.00           282    282    141     6.185     6.185     4.416     0.5665      0.5665      0.5665      0.4026
83      A         B           83           LEU            0.00           282    282    141     6.185     6.185     4.416     0.6535      0.6535      0.6535      0.4926
84      A         B           84           SER            0.00           282    282    141     6.185     6.185     4.416     0.6207      0.6207      0.6207      0.4583
85      A         B           85           ASP            0.00           282    282    141     6.185     6.185     4.416     0.6162      0.6162      0.6162      0.4528
86      A         B           86           LEU            0.00           282    282    141     6.185     6.185     4.416     0.6277      0.6277      0.6277      0.4648
87      A         B           87           HIS            0.00           282    282    141     6.185     6.185     4.416     0.5970      0.5970      0.5970      0.4328
88      A         B           88           ALA            0.00           282    282    141     6.185     6.185     4.416     0.5354      0.5354      0.5354      0.3738
89      A         B           89           HIS            0.00           282    282    141     6.185     6.185     4.416     0.5081      0.5081      0.5081      0.3478
90      A         B           90           LYS            0.00           282    282    141     6.185     6.185     4.416     0.4601      0.4601      0.4601      0.3054
91      A         B           91           LEU            0.00           282    282    141     6.185     6.185     4.416     0.5544      0.5544      0.5544      0.3914
92      A         B           92           ARG            0.00           282    282    141     6.185     6.185     4.416     0.4912      0.4912      0.4912      0.3331
93      A         B           93           VAL            0.00           282    282    141     6.185     6.185     4.416     0.5402      0.5402      0.5402      0.3782
94      A         B           94           ASP            0.00           282    282    141     6.185     6.185     4.416     0.6485      0.6485      0.6485      0.4876
95      A         B           95           PRO            0.00           282    282    141     6.185     6.185     4.416     0.6159      0.6159      0.6159      0.4537
96      A         B           96           VAL            0.00           282    282    141     6.185     6.185     4.416     0.5882      0.5882      0.5882      0.4243
97      A         B           97           ASN            0.00           282    282    141     6.185     6.185     4.416     0.6550      0.6550      0.6550      0.4956
98      A         B           98           PHE            0.00           282    282    141     6.185     6.185     4.416     0.6161      0.6161      0.6161      0.4542
99      A         B           99           LYS            0.00           282    282    141     6.185     6.185     4.416     0.6356      0.6356      0.6356      0.4744
100     A         B          100           LEU            0.00           282    282    141     6.185     6.185     4.416     0.7000      0.7000      0.7000      0.5474
101     A         B          101           LEU            0.00           282    282    141     6.185     6.185     4.416     0.7338      0.7338      0.7338      0.5884
102     A         B          102           SER            0.00           282    282    141     6.185     6.185     4.416     0.6904      0.6904      0.6904      0.5363
103     A         B          103           HIS            0.00           282    282    141     6.185     6.185     4.416     0.7205      0.7205      0.7205      0.5715
104     A         B          104           CYS            0.00           282    282    141     6.185     6.185     4.416     0.7167      0.7167      0.7167      0.5678
105     A         B          105           LEU            0.00           282    282    141     6.185     6.185     4.416     0.7079      0.7079      0.7079      0.5574
106     A         B          106           LEU            0.00           282    282    141     6.185     6.185     4.416     0.6890      0.6890      0.6890      0.5348
107     A         B          107           VAL            0.00           282    282    141     6.185     6.185     4.416     0.6949      0.6949      0.6949      0.5415
108     A         B          108           THR            0.00           282    282    141     6.185     6.185     4.416     0.7345      0.7345      0.7345      0.5889
109     A         B          109           LEU            0.00           282    282    141     6.185     6.185     4.416     0.6998      0.6998      0.6998      0.5472
110     A         B          110           ALA            0.00           282    282    141     6.185     6.185     4.416     0.6978      0.6978      0.6978      0.5440
111     A         B          111           ALA            0.00           282    282    141     6.185     6.185     4.416     0.6953      0.6953      0.6953      0.5412
112     A         B          112           HIS            0.00           282    282    141     6.185     6.185     4.416     0.6560      0.6560      0.6560      0.4963
113     A         B          113           LEU            0.00           282    282    141     6.185     6.185     4.416     0.4995      0.4995      0.4995      0.3409
114     A         B          114           PRO            0.00           282    282    131     6.185     6.185     4.247     0.3740      0.3827      0.3827      0.2293
115     A         B          115           ALA            0.00           282    282    141     6.185     6.185     4.416     0.4622      0.4622      0.4622      0.3086
116     A         B          116           GLU            0.00           282    282    141     6.185     6.185     4.416     0.5713      0.5713      0.5713      0.4084
117     A         B          117           PHE            0.00           282    282    141     6.185     6.185     4.416     0.6796      0.6796      0.6796      0.5239
118     A         B          118           THR            0.00           282    282    141     6.185     6.185     4.416     0.7199      0.7199      0.7199      0.5726
119     A         B          119           PRO            0.00           282    282    141     6.185     6.185     4.416     0.7068      0.7068      0.7068      0.5565
120     A         B          120           ALA            0.00           282    282    141     6.185     6.185     4.416     0.6816      0.6816      0.6816      0.5269
121     A         B          121           VAL            0.00           282    282    141     6.185     6.185     4.416     0.7285      0.7285      0.7285      0.5819
122     A         B          122           HIS            0.00           282    282    141     6.185     6.185     4.416     0.7378      0.7378      0.7378      0.5943
123     A         B          123           ALA            0.00           282    282    141     6.185     6.185     4.416     0.7376      0.7376      0.7376      0.5939
124     A         B          124           SER            0.00           282    282    141     6.185     6.185     4.416     0.7263      0.7263      0.7263      0.5799
125     A         B          125           LEU            0.00           282    282    141     6.185     6.185     4.416     0.7454      0.7454      0.7454      0.6040
126     A         B          126           ASP            0.00           282    282    141     6.185     6.185     4.416     0.7530      0.7530      0.7530      0.6125
127     A         B          127           LYS            0.00           282    282    141     6.185     6.185     4.416     0.6977      0.6977      0.6977      0.5458
128     A         B          128           PHE            0.00           282    282    141     6.185     6.185     4.416     0.7423      0.7423      0.7423      0.5993
129     A         B          129           LEU            0.00           282    282    141     6.185     6.185     4.416     0.7381      0.7381      0.7381      0.5944
130     A         B          130           ALA            0.00           282    282    141     6.185     6.185     4.416     0.6956      0.6956      0.6956      0.5423
131     A         B          131           SER            0.00           282    282    141     6.185     6.185     4.416     0.6912      0.6912      0.6912      0.5383
132     A         B          132           VAL            0.00           282    282    141     6.185     6.185     4.416     0.7163      0.7163      0.7163      0.5670
133     A         B          133           SER            0.00           282    282    141     6.185     6.185     4.416     0.6552      0.6552      0.6552      0.4964
134     A         B          134           THR            0.00           282    282    141     6.185     6.185     4.416     0.6127      0.6127      0.6127      0.4500
135     A         B          135           VAL            0.00           282    282    141     6.185     6.185     4.416     0.6958      0.6958      0.6958      0.5422
136     A         B          136           LEU            0.00           282    282    141     6.185     6.185     4.416     0.6927      0.6927      0.6927      0.5383
137     A         B          137           THR            0.00           282    282    141     6.185     6.185     4.416     0.5953      0.5953      0.5953      0.4318
138     A         B          138           SER            0.00           282    282    141     6.185     6.185     4.416     0.6267      0.6267      0.6267      0.4653
139     A         B          139           LYS            0.00           282    282    141     6.185     6.185     4.416     0.5949      0.5949      0.5949      0.4321
140     A         B          140           TYR            0.00           282    282    141     6.185     6.185     4.416     0.5774      0.5774      0.5774      0.4163
141     A         B          141           ARG            0.00           282    282    103     6.185     6.185     3.715     0.3490      0.3887      0.3887      0.1905
1       A         C            1           VAL            0.00           287    287      7     6.234     6.234     1.000     0.1404      0.3248      0.3248      0.0123
2       A         C            2           LEU            0.00           287    287    146     6.234     6.234     4.498     0.6535      0.6535      0.6535      0.5054
3       A         C            3           SER            0.00           287    287    146     6.234     6.234     4.498     0.7843      0.7843      0.7843      0.6651
4       A         C            4           PRO            0.00           287    287    146     6.234     6.234     4.498     0.7688      0.7688      0.7688      0.6468
5       A         C            5           ALA            0.00           287    287    146     6.234     6.234     4.498     0.8238      0.8238      0.8238      0.7220
6       A         C            6           ASP            0.00           287    287    146     6.234     6.234     4.498     0.8449      0.8449      0.8449      0.7518
7       A         C            7           LYS            0.00           287    287    146     6.234     6.234     4.498     0.8521      0.8521      0.8521      0.7615
8       A         C            8           THR            0.00           287    287    146     6.234     6.234     4.498     0.8309      0.8309      0.8309      0.7325
9       A         C            9           ASN            0.00           287    287    146     6.234     6.234     4.498     0.8719      0.8719      0.8719      0.7919
10      A         C           10           VAL            0.00           287    287    146     6.234     6.234     4.498     0.8659      0.8659      0.8659      0.7833
11      A         C           11           LYS            0.00           287    287    146     6.234     6.234     4.498     0.8383      0.8383      0.8383      0.7408
12      A         C           12           ALA            0.00           287    287    146     6.234     6.234     4.498     0.8268      0.8268      0.8268      0.7266
13      A         C           13           ALA            0.00           287    287    146     6.234     6.234     4.498     0.8483      0.8483      0.8483      0.7565
14      A         C           14           TRP            0.00           287    287    146     6.234     6.234     4.498     0.8413      0.8413      0.8413      0.7474
15      A         C           15           GLY            0.00           287    287    146     6.234     6.234     4.498     0.7599      0.7599      0.7599      0.6337
16      A         C           16           LYS            0.00           287    287    146     6.234     6.234     4.498     0.7570      0.7570      0.7570      0.6312
17      A         C           17           VAL            0.00           287    287    146     6.234     6.234     4.498     0.6358      0.6358      0.6358      0.4898
18      A         C           18           GLY            0.00           287    287    118     6.234     6.234     4.013     0.3874      0.4253      0.4253      0.2409
19      A         C           19           ALA            0.00           287    287    131     6.234     6.234     4.247     0.4276      0.4479      0.4479      0.2815
20      A         C           20           HIS            0.00           287    287    146     6.234     6.234     4.498     0.6504      0.6504      0.6504      0.5031
21      A         C           21           ALA            0.00           287    287    146     6.234     6.234     4.498     0.6380      0.6380      0.6380      0.4907
22      A         C           22           GLY            0.00           287    287    146     6.234     6.234     4.498     0.7395      0.7395      0.7395      0.6097
23      A         C           23           GLU            0.00           287    287    146     6.234     6.234     4.498     0.8243      0.8243      0.8243      0.7237
24      A         C           24           TYR            0.00           287    287    146     6.234     6.234     4.498     0.8613      0.8613      0.8613      0.7752
25      A         C           25           GLY            0.00           287    287    146     6.234     6.234     4.498     0.8457      0.8457      0.8457      0.7520
26      A         C           26           ALA            0.00           287    287    146     6.234     6.234     4.498     0.8604      0.8604      0.8604      0.7754
27      A         C           27           GLU            0.00           287    287    146     6.234     6.234     4.498     0.8942      0.8942      0.8942      0.8267
28      A         C           28           ALA            0.00           287    287    146     6.234     6.234     4.498     0.8815      0.8815      0.8815      0.8065
29      A         C           29           LEU            0.00           287    287    146     6.234     6.234     4.498     0.8881      0.8881      0.8881      0.8176
30      A         C           30           GLU            0.00           287    287    146     6.234     6.234     4.498     0.8865      0.8865      0.8865      0.8145
31      A         C           31           ARG            0.00           287    287    146     6.234     6.234     4.498     0.9050      0.9050      0.9050      0.8420
32      A         C           32           MET            0.00           287    287    146     6.234     6.234     4.498     0.8941      0.8941      0.8941      0.8251
33      A         C           33           PHE            0.00           287    287    146     6.234     6.234     4.498     0.8749      0.8749      0.8749      0.7971
34      A         C           34           LEU            0.00           287    287    146     6.234     6.234     4.498     0.8936      0.8936      0.8936      0.8251
35      A         C           35           SER            0.00           287    287    146     6.234     6.234     4.498     0.8871      0.8871      0.8871      0.8130
36      A         C           36           PHE            0.00           287    287    146     6.234     6.234     4.498     0.8829      0.8829      0.8829      0.8082
37      A         C           37           PRO            0.00           287    287    146     6.234     6.234     4.498     0.8204      0.8204      0.8204      0.7179
38      A         C           38           THR            0.00           287    287    146     6.234     6.234     4.498     0.7702      0.7702      0.7702      0.6490
39      A         C           39           THR            0.00           287    287    146     6.234     6.234     4.498     0.8000      0.8000      0.8000      0.6858
40      A         C           40           LYS            0.00           287    287    146     6.234     6.234     4.498     0.8235      0.8235      0.8235      0.7186
41      A         C           41           THR            0.00           287    287    146     6.234     6.234     4.498     0.7011      0.7011      0.7011      0.5622
42      A         C           42           TYR            0.00           287    287    146     6.234     6.234     4.498     0.6871      0.6871      0.6871      0.5415
43      A         C           43           PHE            0.00           287    287    146     6.234     6.234     4.498     0.6824      0.6824      0.6824      0.5361
44      A         C           44           PRO            0.00           287    287    146     6.234     6.234     4.498     0.5352      0.5352      0.5352      0.3804
45      A         C           45           HIS            0.00           287    287    102     6.234     6.234     3.694     0.3418      0.3833      0.3833      0.1829
46      A         C           46           PHE            0.00           287    287    146     6.234     6.234     4.498     0.5567      0.5567      0.5567      0.4032
47      A         C           47           ASP            0.00           287    287    146     6.234     6.234     4.498     0.6240      0.6240      0.6240      0.4754
48      A         C           48           LEU            0.00           287    287    146     6.234     6.234     4.498     0.6650      0.6650      0.6650      0.5206
49      A         C           49           SER            0.00           287    287    146     6.234     6.234     4.498     0.6106      0.6106      0.6106      0.4621
50      A         C           50           HIS            0.00           287    287    146     6.234     6.234     4.498     0.5799      0.5799      0.5799      0.4294
51      A         C           51           GLY            0.00           287    287    146     6.234     6.234     4.498     0.5488      0.5488      0.5488      0.4013
52      A         C           52           SER            0.00           287    287    146     6.234     6.234     4.498     0.5162      0.5162      0.5162      0.3686
53      A         C           53           ALA            0.00           287    287    146     6.234     6.234     4.498     0.6187      0.6187      0.6187      0.4680
54      A         C           54           GLN            0.00           287    287    146     6.234     6.234     4.498     0.7331      0.7331      0.7331      0.5979
55      A         C           55           VAL            0.00           287    287    146     6.234     6.234     4.498     0.7851      0.7851      0.7851      0.6671
56      A         C           56           LYS            0.00           287    287    146     6.234     6.234     4.498     0.7665      0.7665      0.7665      0.6421
57      A         C           57           GLY            0.00           287    287    146     6.234     6.234     4.498     0.7283      0.7283      0.7283      0.5927
58      A         C           58           HIS            0.00           287    287    146     6.234     6.234     4.498     0.8006      0.8006      0.8006      0.6884
59      A         C           59           GLY            0.00           287    287    146     6.234     6.234     4.498     0.7776      0.7776      0.7776      0.6562
60      A         C           60           LYS            0.00           287    287    146     6.234     6.234     4.498     0.7821      0.7821      0.7821      0.6629
61      A         C           61           LYS            0.00           287    287    146     6.234     6.234     4.498     0.7933      0.7933      0.7933      0.6771
62      A         C           62           VAL            0.00           287    287    146     6.234     6.234     4.498     0.7683      0.7683      0.7683      0.6454
63      A         C           63           ALA            0.00           287    287    146     6.234     6.234     4.498     0.7790      0.7790      0.7790      0.6582
64      A         C           64           ASP            0.00           287    287    146     6.234     6.234     4.498     0.7809      0.7809      0.7809      0.6622
65      A         C           65           ALA            0.00           287    287    146     6.234     6.234     4.498     0.8084      0.8084      0.8084      0.6992
66      A         C           66           LEU            0.00           287    287    146     6.234     6.234     4.498     0.8321      0.8321      0.8321      0.7322
67      A         C           67           THR            0.00           287    287    146     6.234     6.234     4.498     0.8411      0.8411      0.8411      0.7450
68      A         C           68           ASN            0.00           287    287    146     6.234     6.234     4.498     0.8038      0.8038      0.8038      0.6913
69      A         C           69           ALA            0.00           287    287    146     6.234     6.234     4.498     0.8257      0.8257      0.8257      0.7241
70      A         C           70           VAL            0.00           287    287    146     6.234     6.234     4.498     0.8244      0.8244      0.8244      0.7202
71      A         C           71           ALA            0.00           287    287    146     6.234     6.234     4.498     0.7932      0.7932      0.7932      0.6771
72      A         C           72           HIS            0.00           287    287    146     6.234     6.234     4.498     0.7324      0.7324      0.7324      0.5965
73      A         C           73           VAL            0.00           287    287    146     6.234     6.234     4.498     0.6876      0.6876      0.6876      0.5438
74      A         C           74           ASP            0.00           287    287    146     6.234     6.234     4.498     0.6522      0.6522      0.6522      0.5045
75      A         C           75           ASP            0.00           287    287    134     6.234     6.234     4.299     0.4108      0.4237      0.4237      0.2635
76      A         C           76           MET            0.00           287    287    146     6.234     6.234     4.498     0.6363      0.6363      0.6363      0.4837
77      A         C           77           PRO            0.00           287    287    146     6.234     6.234     4.498     0.7027      0.7027      0.7027      0.5614
78      A         C           78           ASN            0.00           287    287    146     6.234     6.234     4.498     0.6591      0.6591      0.6591      0.5080
79      A         C           79           ALA            0.00           287    287    146     6.234     6.234     4.498     0.6685      0.6685      0.6685      0.5187
80      A         C           80           LEU            0.00           287    287    146     6.234     6.234     4.498     0.6930      0.6930      0.6930      0.5477
81      A         C           81           SER            0.00           287    287    146     6.234     6.234     4.498     0.6638      0.6638      0.6638      0.5142
82      A         C           82           ALA            0.00           287    287    146     6.234     6.234     4.498     0.6001      0.6001      0.6001      0.4430
83      A         C           83           LEU            0.00           287    287    146     6.234     6.234     4.498     0.7075      0.7075      0.7075      0.5631
84      A         C           84           SER            0.00           287    287    146     6.234     6.234     4.498     0.6226      0.6226      0.6226      0.4685
85      A         C           85           ASP            0.00           287    287    146     6.234     6.234     4.498     0.6199      0.6199      0.6199      0.4639
86      A         C           86           LEU            0.00           287    287    146     6.234     6.234     4.498     0.6386      0.6386      0.6386      0.4836
87      A         C           87           HIS            0.00           287    287    146     6.234     6.234     4.498     0.5736      0.5736      0.5736      0.4154
88      A         C           88           ALA            0.00           287    287    146     6.234     6.234     4.498     0.4850      0.4850      0.4850      0.3323
89      A         C           89           HIS            0.00           287    287    146     6.234     6.234     4.498     0.4781      0.4781      0.4781      0.3256
90      A         C           90           LYS            0.00           287    287    146     6.234     6.234     4.498     0.4536      0.4536      0.4536      0.3041
91      A         C           91           LEU            0.00           287    287    146     6.234     6.234     4.498     0.5312      0.5312      0.5312      0.3747
92      A         C           92           ARG            0.00           287    287    146     6.234     6.234     4.498     0.4500      0.4500      0.4500      0.3016
93      A         C           93           VAL            0.00           287    287    146     6.234     6.234     4.498     0.5526      0.5526      0.5526      0.3954
94      A         C           94           ASP            0.00           287    287    146     6.234     6.234     4.498     0.6943      0.6943      0.6943      0.5494
95      A         C           95           PRO            0.00           287    287    146     6.234     6.234     4.498     0.7182      0.7182      0.7182      0.5783
96      A         C           96           VAL            0.00           287    287    146     6.234     6.234     4.498     0.7296      0.7296      0.7296      0.5945
97      A         C           97           ASN            0.00           287    287    146     6.234     6.234     4.498     0.7879      0.7879      0.7879      0.6694
98      A         C           98           PHE            0.00           287    287    146     6.234     6.234     4.498     0.8151      0.8151      0.8151      0.7080
99      A         C           99           LYS            0.00           287    287    146     6.234     6.234     4.498     0.8597      0.8597      0.8597      0.7735
100     A         C          100           LEU            0.00           287    287    146     6.234     6.234     4.498     0.8792      0.8792      0.8792      0.8026
101     A         C          101           LEU            0.00           287    287    146     6.234     6.234     4.498     0.8868      0.8868      0.8868      0.8164
102     A         C          102           SER            0.00           287    287    146     6.234     6.234     4.498     0.8920      0.8920      0.8920      0.8235
103     A         C          103           HIS            0.00           287    287    146     6.234     6.234     4.498     0.9114      0.9114      0.9114      0.8525
104     A         C          104           CYS            0.00           287    287    146     6.234     6.234     4.498     0.9100      0.9100      0.9100      0.8501
105     A         C          105           LEU            0.00           287    287    146     6.234     6.234     4.498     0.9026      0.9026      0.9026      0.8412
106     A         C          106           LEU            0.00           287    287    146     6.234     6.234     4.498     0.8991      0.8991      0.8991      0.8353
107     A         C          107           VAL            0.00           287    287    146     6.234     6.234     4.498     0.9085      0.9085      0.9085      0.8497
108     A         C          108           THR            0.00           287    287    146     6.234     6.234     4.498     0.9103      0.9103      0.9103      0.8530
109     A         C          109           LEU            0.00           287    287    146     6.234     6.234     4.498     0.9042      0.9042      0.9042      0.8433
110     A         C          110           ALA            0.00           287    287    146     6.234     6.234     4.498     0.8919      0.8919      0.8919      0.8244
111     A         C          111           ALA            0.00           287    287    146     6.234     6.234     4.498     0.8822      0.8822      0.8822      0.8094
112     A         C          112           HIS            0.00           287    287    146     6.234     6.234     4.498     0.8793      0.8793      0.8793      0.8041
113     A         C          113           LEU            0.00           287    287    146     6.234     6.234     4.498     0.8029      0.8029      0.8029      0.6965
114     A         C          114           PRO            0.00           287    287    146     6.234     6.234     4.498     0.7293      0.7293      0.7293      0.6027
115     A         C          115           ALA            0.00           287    287    146     6.234     6.234     4.498     0.7566      0.7566      0.7566      0.6361
116     A         C          116           GLU            0.00           287    287    146     6.234     6.234     4.498     0.8092      0.8092      0.8092      0.7038
117     A         C          117           PHE            0.00           287    287    146     6.234     6.234     4.498     0.8957      0.8957      0.8957      0.8295
118     A         C          118           THR            0.00           287    287    146     6.234     6.234     4.498     0.8921      0.8921      0.8921      0.8255
119     A         C          119           PRO            0.00           287    287    146     6.234     6.234     4.498     0.8870      0.8870      0.8870      0.8166
120     A         C          120           ALA            0.00           287    287    146     6.234     6.234     4.498     0.8860      0.8860      0.8860      0.8155
121     A         C          121           VAL            0.00           287    287    146     6.234     6.234     4.498     0.9026      0.9026      0.9026      0.8408
122     A         C          122           HIS            0.00           287    287    146     6.234     6.234     4.498     0.9109      0.9109      0.9109      0.8535
123     A         C          123           ALA            0.00           287    287    146     6.234     6.234     4.498     0.9000      0.9000      0.9000      0.8368
124     A         C          124           SER            0.00           287    287    146     6.234     6.234     4.498     0.9011      0.9011      0.9011      0.8382
125     A         C          125           LEU            0.00           287    287    146     6.234     6.234     4.498     0.9049      0.9049      0.9049      0.8441
126     A         C          126           ASP            0.00           287    287    146     6.234     6.234     4.498     0.8994      0.8994      0.8994      0.8342
127     A         C          127           LYS            0.00           287    287    146     6.234     6.234     4.498     0.8910      0.8910      0.8910      0.8224
128     A         C          128           PHE            0.00           287    287    146     6.234     6.234     4.498     0.8959      0.8959      0.8959      0.8303
129     A         C          129           LEU            0.00           287    287    146     6.234     6.234     4.498     0.8930      0.8930      0.8930      0.8250
130     A         C          130           ALA            0.00           287    287    146     6.234     6.234     4.498     0.8697      0.8697      0.8697      0.7887
131     A         C          131           SER            0.00           287    287    146     6.234     6.234     4.498     0.8583      0.8583      0.8583      0.7718
132     A         C          132           VAL            0.00           287    287    146     6.234     6.234     4.498     0.8510      0.8510      0.8510      0.7607
133     A         C          133           SER            0.00           287    287    146     6.234     6.234     4.498     0.8129      0.8129      0.8129      0.7047
134     A         C          134           THR            0.00           287    287    146     6.234     6.234     4.498     0.7961      0.7961      0.7961      0.6821
135     A         C          135           VAL            0.00           287    287    146     6.234     6.234     4.498     0.8140      0.8140      0.8140      0.7061
136     A         C          136           LEU            0.00           287    287    146     6.234     6.234     4.498     0.7857      0.7857      0.7857      0.6652
137     A         C          137           THR            0.00           287    287    146     6.234     6.234     4.498     0.6494      0.6494      0.6494      0.4980
138     A         C          138           SER            0.00           287    287    146     6.234     6.234     4.498     0.6914      0.6914      0.6914      0.5459
139     A         C          139           LYS            0.00           287    287    146     6.234     6.234     4.498     0.6138      0.6138      0.6138      0.4577
140     A         C          140           TYR            0.00           287    287    146     6.234     6.234     4.498     0.5105      0.5105      0.5105      0.3547
141     A         C          141           ARG            0.00           287    287     13     6.234     6.234     1.000     0.2274      0.2965      0.2965      0.0107
1       A         D            1           VAL            0.00           287    286      0     6.234     6.224     1.000     0.1033      0.0000      0.0000      0.0000
2       A         D            2           LEU            0.00           287    286    146     6.234     6.224     4.498     0.4534      0.4534      0.4527      0.3044
3       A         D            3           SER            0.00           287    286    146     6.234     6.224     4.498     0.5998      0.5998      0.5991      0.4428
4       A         D            4           PRO            0.00           287    286    146     6.234     6.224     4.498     0.5404      0.5404      0.5396      0.3838
5       A         D            5           ALA            0.00           287    286    146     6.234     6.224     4.498     0.5603      0.5603      0.5596      0.4020
6       A         D            6           ASP            0.00           287    286    146     6.234     6.224     4.498     0.5946      0.5946      0.5939      0.4367
7       A         D            7           LYS            0.00           287    286    146     6.234     6.224     4.498     0.6183      0.6183      0.6175      0.4617
8       A         D            8           THR            0.00           287    286    146     6.234     6.224     4.498     0.5794      0.5794      0.5786      0.4214
9       A         D            9           ASN            0.00           287    286    146     6.234     6.224     4.498     0.6578      0.6578      0.6571      0.5039
10      A         D           10           VAL            0.00           287    286    146     6.234     6.224     4.498     0.6350      0.6350      0.6343      0.4791
11      A         D           11           LYS            0.00           287    286    146     6.234     6.224     4.498     0.6344      0.6344      0.6337      0.4792
12      A         D           12           ALA            0.00           287    286    146     6.234     6.224     4.498     0.5716      0.5716      0.5708      0.4132
13      A         D           13           ALA            0.00           287    286    146     6.234     6.224     4.498     0.6051      0.6051      0.6044      0.4471
14      A         D           14           TRP            0.00           287    286    146     6.234     6.224     4.498     0.5943      0.5943      0.5935      0.4362
15      A         D           15           GLY            0.00           287    286    146     6.234     6.224     4.498     0.5631      0.5631      0.5623      0.4052
16      A         D           16           LYS            0.00           287    286    146     6.234     6.224     4.498     0.4699      0.4699      0.4691      0.3180
17      A         D           17           VAL            0.00           287    286    137     6.234     6.224     4.350     0.3454      0.3505      0.3498      0.2095
18      A         D           18           GLY            0.00           287    286      4     6.234     6.224     1.000     0.1979      0.2911      0.2904      0.0105
19      A         D           19           ALA            0.00           287    286     45     6.234     6.224     2.053     0.2619      0.3219      0.3212      0.0492
20      A         D           20           HIS            0.00           287    286    146     6.234     6.224     4.498     0.4816      0.4816      0.4809      0.3289
21      A         D           21           ALA            0.00           287    286    146     6.234     6.224     4.498     0.5000      0.5000      0.4992      0.3457
22      A         D           22           GLY            0.00           287    286    146     6.234     6.224     4.498     0.5332      0.5332      0.5324      0.3757
23      A         D           23           GLU            0.00           287    286    146     6.234     6.224     4.498     0.5737      0.5737      0.5730      0.4152
24      A         D           24           TYR            0.00           287    286    146     6.234     6.224     4.498     0.6661      0.6661      0.6654      0.5143
25      A         D           25           GLY            0.00           287    286    146     6.234     6.224     4.498     0.6469      0.6469      0.6462      0.4924
26      A         D           26           ALA            0.00           287    286    146     6.234     6.224     4.498     0.6486      0.6486      0.6479      0.4948
27      A         D           27           GLU            0.00           287    286    146     6.234     6.224     4.498     0.6661      0.6661      0.6654      0.5145
28      A         D           28           ALA            0.00           287    286    146     6.234     6.224     4.498     0.6696      0.6696      0.6689      0.5188
29      A         D           29           LEU            0.00           287    286    146     6.234     6.224     4.498     0.6988      0.6988      0.6982      0.5523
30      A         D           30           GLU            0.00           287    286    146     6.234     6.224     4.498     0.6689      0.6689      0.6683      0.5182
31      A         D           31           ARG            0.00           287    286    146     6.234     6.224     4.498     0.6842      0.6842      0.6835      0.5349
32      A         D           32           MET            0.00           287    286    146     6.234     6.224     4.498     0.7068      0.7068      0.7062      0.5615
33      A         D           33           PHE            0.00           287    286    146     6.234     6.224     4.498     0.6780      0.6780      0.6773      0.5276
34      A         D           34           LEU            0.00           287    286    146     6.234     6.224     4.498     0.6915      0.6915      0.6908      0.5437
35      A         D           35           SER            0.00           287    286    146     6.234     6.224     4.498     0.6728      0.6728      0.6721      0.5218
36      A         D           36           PHE            0.00           287    286    146     6.234     6.224     4.498     0.6785      0.6785      0.6778      0.5284
37      A         D           37           PRO            0.00           287    286    146     6.234     6.224     4.498     0.5781      0.5781      0.5774      0.4235
38      A         D           38           THR            0.00           287    286    146     6.234     6.224     4.498     0.6336      0.6336      0.6328      0.4807
39      A         D           39           THR            0.00           287    286    146     6.234     6.224     4.498     0.6296      0.6296      0.6289      0.4761
40      A         D           40           LYS            0.00           287    286    146     6.234     6.224     4.498     0.6718      0.6718      0.6711      0.5222
41      A         D           41           THR            0.00           287    286    146     6.234     6.224     4.498     0.5809      0.5809      0.5801      0.4270
42      A         D           42           TYR            0.00           287    286    146     6.234     6.224     4.498     0.6215      0.6215      0.6208      0.4679
43      A         D           43           PHE            0.00           287    286    146     6.234     6.224     4.498     0.5936      0.5936      0.5928      0.4393
44      A         D           44           PRO            0.00           287    286    146     6.234     6.224     4.498     0.4586      0.4586      0.4578      0.3132
45      A         D           45           HIS            0.00           287    286    119     6.234     6.224     4.031     0.3764      0.4045      0.4037      0.2272
46      A         D           46           PHE            0.00           287    286    146     6.234     6.224     4.498     0.4953      0.4953      0.4945      0.3435
47      A         D           47           ASP            0.00           287    286    146     6.234     6.224     4.498     0.4798      0.4798      0.4791      0.3288
48      A         D           48           LEU            0.00           287    286    146     6.234     6.224     4.498     0.5341      0.5341      0.5333      0.3790
49      A         D           49           SER            0.00           287    286    146     6.234     6.224     4.498     0.5017      0.5017      0.5010      0.3487
50      A         D           50           HIS            0.00           287    286    146     6.234     6.224     4.498     0.4303      0.4303      0.4295      0.2847
51      A         D           51           GLY            0.00           287    286    131     6.234     6.224     4.247     0.3512      0.3606      0.3599      0.2093
52      A         D           52           SER            0.00           287    286    127     6.234     6.224     4.177     0.3712      0.3865      0.3857      0.2230
53      A         D           53           ALA            0.00           287    286    146     6.234     6.224     4.498     0.4679      0.4679      0.4671      0.3174
54      A         D           54           GLN            0.00           287    286    146     6.234     6.224     4.498     0.5703      0.5703      0.5695      0.4130
55      A         D           55           VAL            0.00           287    286    146     6.234     6.224     4.498     0.6112      0.6112      0.6105      0.4548
56      A         D           56           LYS            0.00           287    286    146     6.234     6.224     4.498     0.5762      0.5762      0.5754      0.4183
57      A         D           57           GLY            0.00           287    286    146     6.234     6.224     4.498     0.5667      0.5667      0.5660      0.4096
58      A         D           58           HIS            0.00           287    286    146     6.234     6.224     4.498     0.5952      0.5952      0.5944      0.4383
59      A         D           59           GLY            0.00           287    286    146     6.234     6.224     4.498     0.5856      0.5856      0.5848      0.4290
60      A         D           60           LYS            0.00           287    286    146     6.234     6.224     4.498     0.5776      0.5776      0.5768      0.4202
61      A         D           61           LYS            0.00           287    286    146     6.234     6.224     4.498     0.5910      0.5910      0.5903      0.4343
62      A         D           62           VAL            0.00           287    286    146     6.234     6.224     4.498     0.5473      0.5473      0.5465      0.3909
63      A         D           63           ALA            0.00           287    286    146     6.234     6.224     4.498     0.6314      0.6314      0.6307      0.4769
64      A         D           64           ASP            0.00           287    286    146     6.234     6.224     4.498     0.5938      0.5938      0.5930      0.4366
65      A         D           65           ALA            0.00           287    286    146     6.234     6.224     4.498     0.5990      0.5990      0.5983      0.4420
66      A         D           66           LEU            0.00           287    286    146     6.234     6.224     4.498     0.6346      0.6346      0.6339      0.4797
67      A         D           67           THR            0.00           287    286    146     6.234     6.224     4.498     0.6690      0.6690      0.6683      0.5170
68      A         D           68           ASN            0.00           287    286    146     6.234     6.224     4.498     0.6368      0.6368      0.6361      0.4814
69      A         D           69           ALA            0.00           287    286    146     6.234     6.224     4.498     0.6340      0.6340      0.6333      0.4787
70      A         D           70           VAL            0.00           287    286    146     6.234     6.224     4.498     0.6703      0.6703      0.6697      0.5197
71      A         D           71           ALA            0.00           287    286    146     6.234     6.224     4.498     0.5832      0.5832      0.5825      0.4250
72      A         D           72           HIS            0.00           287    286    146     6.234     6.224     4.498     0.5712      0.5712      0.5704      0.4129
73      A         D           73           VAL            0.00           287    286    146     6.234     6.224     4.498     0.5065      0.5065      0.5057      0.3526
74      A         D           74           ASP            0.00           287    286    146     6.234     6.224     4.498     0.4125      0.4125      0.4117      0.2705
75      A         D           75           ASP            0.00           287    286    111     6.234     6.224     3.878     0.3648      0.3989      0.3981      0.2105
76      A         D           76           MET            0.00           287    286    146     6.234     6.224     4.498     0.5179      0.5179      0.5171      0.3641
77      A         D           77           PRO            0.00           287    286    146     6.234     6.224     4.498     0.5440      0.5440      0.5432      0.3881
78      A         D           78           ASN            0.00           287    286    146     6.234     6.224     4.498     0.5491      0.5491      0.5483      0.3920
79      A         D           79           ALA            0.00           287    286    146     6.234     6.224     4.498     0.5551      0.5551      0.5544      0.3987
80      A         D           80           LEU            0.00           287    286    146     6.234     6.224     4.498     0.5810      0.5810      0.5803      0.4252
81      A         D           81           SER            0.00           287    286    146     6.234     6.224     4.498     0.5690      0.5690      0.5682      0.4131
82      A         D           82           ALA            0.00           287    286    146     6.234     6.224     4.498     0.5760      0.5760      0.5753      0.4196
83      A         D           83           LEU            0.00           287    286    146     6.234     6.224     4.498     0.6355      0.6355      0.6348      0.4822
84      A         D           84           SER            0.00           287    286    146     6.234     6.224     4.498     0.5877      0.5877      0.5870      0.4333
85      A         D           85           ASP            0.00           287    286    146     6.234     6.224     4.498     0.5747      0.5747      0.5739      0.4186
86      A         D           86           LEU            0.00           287    286    146     6.234     6.224     4.498     0.6323      0.6323      0.6316      0.4793
87      A         D           87           HIS            0.00           287    286    146     6.234     6.224     4.498     0.5741      0.5741      0.5734      0.4187
88      A         D           88           ALA            0.00           287    286    146     6.234     6.224     4.498     0.5347      0.5347      0.5339      0.3835
89      A         D           89           HIS            0.00           287    286    146     6.234     6.224     4.498     0.4648      0.4648      0.4641      0.3177
90      A         D           90           LYS            0.00           287    286    146     6.234     6.224     4.498     0.4966      0.4966      0.4958      0.3476
91      A         D           91           LEU            0.00           287    286    146     6.234     6.224     4.498     0.5844      0.5844      0.5837      0.4334
92      A         D           92           ARG            0.00           287    286    146     6.234     6.224     4.498     0.5640      0.5640      0.5633      0.4129
93      A         D           93           VAL            0.00           287    286    146     6.234     6.224     4.498     0.5576      0.5576      0.5569      0.4076
94      A         D           94           ASP            0.00           287    286    146     6.234     6.224     4.498     0.6361      0.6361      0.6354      0.4848
95      A         D           95           PRO            0.00           287    286    146     6.234     6.224     4.498     0.6001      0.6001      0.5994      0.4463
96      A         D           96           VAL            0.00           287    286    146     6.234     6.224     4.498     0.5659      0.5659      0.5651      0.4113
97      A         D           97           ASN            0.00           287    286    146     6.234     6.224     4.498     0.6385      0.6385      0.6378      0.4862
98      A         D           98           PHE            0.00           287    286    146     6.234     6.224     4.498     0.6046      0.6046      0.6038      0.4495
99      A         D           99           LYS            0.00           287    286    146     6.234     6.224     4.498     0.6047      0.6047      0.6039      0.4500
100     A         D          100           LEU            0.00           287    286    146     6.234     6.224     4.498     0.6505      0.6505      0.6498      0.4991
101     A         D          101           LEU            0.00           287    286    146     6.234     6.224     4.498     0.6992      0.6992      0.6985      0.5541
102     A         D          102           SER            0.00           287    286    146     6.234     6.224     4.498     0.6447      0.6447      0.6440      0.4918
103     A         D          103           HIS            0.00           287    286    146     6.234     6.224     4.498     0.6458      0.6458      0.6451      0.4922
104     A         D          104           CYS            0.00           287    286    146     6.234     6.224     4.498     0.6678      0.6678      0.6672      0.5168
105     A         D          105           LEU            0.00           287    286    146     6.234     6.224     4.498     0.6619      0.6619      0.6613      0.5103
106     A         D          106           LEU            0.00           287    286    146     6.234     6.224     4.498     0.6437      0.6437      0.6430      0.4898
107     A         D          107           VAL            0.00           287    286    146     6.234     6.224     4.498     0.6077      0.6077      0.6070      0.4509
108     A         D          108           THR            0.00           287    286    146     6.234     6.224     4.498     0.6910      0.6910      0.6903      0.5431
109     A         D          109           LEU            0.00           287    286    146     6.234     6.224     4.498     0.6639      0.6639      0.6632      0.5119
110     A         D          110           ALA            0.00           287    286    146     6.234     6.224     4.498     0.6358      0.6358      0.6351      0.4808
111     A         D          111           ALA            0.00           287    286    146     6.234     6.224     4.498     0.6144      0.6144      0.6137      0.4577
112     A         D          112           HIS            0.00           287    286    146     6.234     6.224     4.498     0.6059      0.6059      0.6051      0.4477
113     A         D          113           LEU            0.00           287    286    146     6.234     6.224     4.498     0.4655      0.4655      0.4647      0.3147
114     A         D          114           PRO            0.00           287    286    120     6.234     6.224     4.050     0.3380      0.3547      0.3540      0.1902
115     A         D          115           ALA            0.00           287    286    146     6.234     6.224     4.498     0.3842      0.3842      0.3835      0.2466
116     A         D          116           GLU            0.00           287    286    146     6.234     6.224     4.498     0.4951      0.4951      0.4943      0.3399
117     A         D          117           PHE            0.00           287    286    146     6.234     6.224     4.498     0.5996      0.5996      0.5988      0.4405
118     A         D          118           THR            0.00           287    286    146     6.234     6.224     4.498     0.6167      0.6167      0.6160      0.4596
119     A         D          119           PRO            0.00           287    286    146     6.234     6.224     4.498     0.5916      0.5916      0.5909      0.4333
120     A         D          120           ALA            0.00           287    286    146     6.234     6.224     4.498     0.6039      0.6039      0.6032      0.4462
121     A         D          121           VAL            0.00           287    286    146     6.234     6.224     4.498     0.6675      0.6675      0.6668      0.5153
122     A         D          122           HIS            0.00           287    286    146     6.234     6.224     4.498     0.6250      0.6250      0.6242      0.4680
123     A         D          123           ALA            0.00           287    286    146     6.234     6.224     4.498     0.6337      0.6337      0.6330      0.4785
124     A         D          124           SER            0.00           287    286    146     6.234     6.224     4.498     0.6460      0.6460      0.6453      0.4925
125     A         D          125           LEU            0.00           287    286    146     6.234     6.224     4.498     0.6806      0.6806      0.6799      0.5315
126     A         D          126           ASP            0.00           287    286    146     6.234     6.224     4.498     0.6544      0.6544      0.6538      0.5019
127     A         D          127           LYS            0.00           287    286    146     6.234     6.224     4.498     0.6250      0.6250      0.6243      0.4707
128     A         D          128           PHE            0.00           287    286    146     6.234     6.224     4.498     0.6806      0.6806      0.6800      0.5319
129     A         D          129           LEU            0.00           287    286    146     6.234     6.224     4.498     0.6812      0.6812      0.6805      0.5327
130     A         D          130           ALA            0.00           287    286    146     6.234     6.224     4.498     0.6241      0.6241      0.6234      0.4691
131     A         D          131           SER            0.00           287    286    146     6.234     6.224     4.498     0.6314      0.6314      0.6306      0.4772
132     A         D          132           VAL            0.00           287    286    146     6.234     6.224     4.498     0.6728      0.6728      0.6721      0.5237
133     A         D          133           SER            0.00           287    286    146     6.234     6.224     4.498     0.6148      0.6148      0.6141      0.4597
134     A         D          134           THR            0.00           287    286    146     6.234     6.224     4.498     0.5555      0.5555      0.5547      0.3990
135     A         D          135           VAL            0.00           287    286    146     6.234     6.224     4.498     0.6320      0.6320      0.6313      0.4786
136     A         D          136           LEU            0.00           287    286    146     6.234     6.224     4.498     0.6572      0.6572      0.6565      0.5057
137     A         D          137           THR            0.00           287    286    146     6.234     6.224     4.498     0.5642      0.5642      0.5635      0.4078
138     A         D          138           SER            0.00           287    286    146     6.234     6.224     4.498     0.5724      0.5724      0.5717      0.4169
139     A         D          139           LYS            0.00           287    286    146     6.234     6.224     4.498     0.5529      0.5529      0.5521      0.3981
140     A         D          140           TYR            0.00           287    286    146     6.234     6.224     4.498     0.5567      0.5567      0.5560      0.4025
141     A         D          141           ARG            0.00           287    286     88     6.234     6.224     3.382     0.3324      0.3892      0.3884      0.1637
142     B         A            1           VAL            0.00           282    282     10     6.185     6.185     1.000     0.1641      0.3433      0.3433      0.0137
143     B         A            2           LEU            0.00           282    282    141     6.185     6.185     4.416     0.5355      0.5355      0.5355      0.3762
144     B         A            3           SER            0.00           282    282    141     6.185     6.185     4.416     0.6495      0.6495      0.6495      0.4898
145     B         A            4           PRO            0.00           282    282    141     6.185     6.185     4.416     0.6663      0.6663      0.6663      0.5086
146     B         A            5           ALA            0.00           282    282    141     6.185     6.185     4.416     0.6246      0.6246      0.6246      0.4642
147     B         A            6           ASP            0.00           282    282    141     6.185     6.185     4.416     0.6870      0.6870      0.6870      0.5322
148     B         A            7           LYS            0.00           282    282    141     6.185     6.185     4.416     0.6981      0.6981      0.6981      0.5448
149     B         A            8           THR            0.00           282    282    141     6.185     6.185     4.416     0.6874      0.6874      0.6874      0.5317
150     B         A            9           ASN            0.00           282    282    141     6.185     6.185     4.416     0.7088      0.7088      0.7088      0.5571
151     B         A           10           VAL            0.00           282    282    141     6.185     6.185     4.416     0.6984      0.6984      0.6984      0.5448
152     B         A           11           LYS            0.00           282    282    141     6.185     6.185     4.416     0.7021      0.7021      0.7021      0.5486
153     B         A           12           ALA            0.00           282    282    141     6.185     6.185     4.416     0.6669      0.6669      0.6669      0.5082
154     B         A           13           ALA            0.00           282    282    141     6.185     6.185     4.416     0.6588      0.6588      0.6588      0.4996
155     B         A           14           TRP            0.00           282    282    141     6.185     6.185     4.416     0.6531      0.6531      0.6531      0.4926
156     B         A           15           GLY            0.00           282    282    141     6.185     6.185     4.416     0.6461      0.6461      0.6461      0.4844
157     B         A           16           LYS            0.00           282    282    141     6.185     6.185     4.416     0.5336      0.5336      0.5336      0.3713
158     B         A           17           VAL            0.00           282    282    132     6.185     6.185     4.265     0.3704      0.3775      0.3775      0.2261
159     B         A           18           GLY            0.00           282    282     10     6.185     6.185     1.000     0.2171      0.3024      0.3024      0.0112
160     B         A           19           ALA            0.00           282    282     28     6.185     6.185     1.116     0.2403      0.2962      0.2962      0.0135
161     B         A           20           HIS            0.00           282    282    141     6.185     6.185     4.416     0.4526      0.4526      0.4526      0.2983
162     B         A           21           ALA            0.00           282    282    141     6.185     6.185     4.416     0.4405      0.4405      0.4405      0.2878
163     B         A           22           GLY            0.00           282    282    141     6.185     6.185     4.416     0.5102      0.5102      0.5102      0.3489
164     B         A           23           GLU            0.00           282    282    141     6.185     6.185     4.416     0.5745      0.5745      0.5745      0.4100
165     B         A           24           TYR            0.00           282    282    141     6.185     6.185     4.416     0.6821      0.6821      0.6821      0.5251
166     B         A           25           GLY            0.00           282    282    141     6.185     6.185     4.416     0.6309      0.6309      0.6309      0.4683
167     B         A           26           ALA            0.00           282    282    141     6.185     6.185     4.416     0.6495      0.6495      0.6495      0.4885
168     B         A           27           GLU            0.00           282    282    141     6.185     6.185     4.416     0.7032      0.7032      0.7032      0.5499
169     B         A           28           ALA            0.00           282    282    141     6.185     6.185     4.416     0.7053      0.7053      0.7053      0.5525
170     B         A           29           LEU            0.00           282    282    141     6.185     6.185     4.416     0.6945      0.6945      0.6945      0.5400
171     B         A           30           GLU            0.00           282    282    141     6.185     6.185     4.416     0.6870      0.6870      0.6870      0.5310
172     B         A           31           ARG            0.00           282    282    141     6.185     6.185     4.416     0.7417      0.7417      0.7417      0.5971
173     B         A           32           MET            0.00           282    282    141     6.185     6.185     4.416     0.6968      0.6968      0.6968      0.5429
174     B         A           33           PHE            0.00           282    282    141     6.185     6.185     4.416     0.7059      0.7059      0.7059      0.5537
175     B         A           34           LEU            0.00           282    282    141     6.185     6.185     4.416     0.7156      0.7156      0.7156      0.5653
176     B         A           35           SER            0.00           282    282    141     6.185     6.185     4.416     0.7088      0.7088      0.7088      0.5572
177     B         A           36           PHE            0.00           282    282    141     6.185     6.185     4.416     0.6981      0.6981      0.6981      0.5444
178     B         A           37           PRO            0.00           282    282    141     6.185     6.185     4.416     0.5313      0.5313      0.5313      0.3708
179     B         A           38           THR            0.00           282    282    141     6.185     6.185     4.416     0.5898      0.5898      0.5898      0.4266
180     B         A           39           THR            0.00           282    282    141     6.185     6.185     4.416     0.6053      0.6053      0.6053      0.4419
181     B         A           40           LYS            0.00           282    282    141     6.185     6.185     4.416     0.6672      0.6672      0.6672      0.5094
182     B         A           41           THR            0.00           282    282    141     6.185     6.185     4.416     0.5071      0.5071      0.5071      0.3472
183     B         A           42           TYR            0.00           282    282    141     6.185     6.185     4.416     0.5927      0.5927      0.5927      0.4286
184     B         A           43           PHE            0.00           282    282    141     6.185     6.185     4.416     0.5671      0.5671      0.5671      0.4027
185     B         A           44           PRO            0.00           282    282    141     6.185     6.185     4.416     0.4727      0.4727      0.4727      0.3157
186     B         A           45           HIS            0.00           282    282     44     6.185     6.185     2.010     0.2511      0.3051      0.3051      0.0444
187     B         A           46           PHE            0.00           282    282    141     6.185     6.185     4.416     0.4168      0.4168      0.4168      0.2682
188     B         A           47           ASP            0.00           282    282    141     6.185     6.185     4.416     0.4453      0.4453      0.4453      0.2919
189     B         A           48           LEU            0.00           282    282    141     6.185     6.185     4.416     0.4654      0.4654      0.4654      0.3088
190     B         A           49           SER            0.00           282    282    141     6.185     6.185     4.416     0.4149      0.4149      0.4149      0.2668
191     B         A           50           HIS            0.00           282    282    141     6.185     6.185     4.416     0.3963      0.3963      0.3963      0.2518
192     B         A           51           GLY            0.00           282    282     96     6.185     6.185     3.565     0.3014      0.3216      0.3216      0.1365
193     B         A           52           SER            0.00           282    282    111     6.185     6.185     3.878     0.3132      0.3284      0.3284      0.1617
194     B         A           53           ALA            0.00           282    282    141     6.185     6.185     4.416     0.4561      0.4561      0.4561      0.3013
195     B         A           54           GLN            0.00           282    282    141     6.185     6.185     4.416     0.5973      0.5973      0.5973      0.4329
196     B         A           55           VAL            0.00           282    282    141     6.185     6.185     4.416     0.6069      0.6069      0.6069      0.4427
197     B         A           56           LYS            0.00           282    282    141     6.185     6.185     4.416     0.5579      0.5579      0.5579      0.3936
198     B         A           57           GLY            0.00           282    282    141     6.185     6.185     4.416     0.5893      0.5893      0.5893      0.4247
199     B         A           58           HIS            0.00           282    282    141     6.185     6.185     4.416     0.6229      0.6229      0.6229      0.4595
200     B         A           59           GLY            0.00           282    282    141     6.185     6.185     4.416     0.5881      0.5881      0.5881      0.4241
201     B         A           60           LYS            0.00           282    282    141     6.185     6.185     4.416     0.5821      0.5821      0.5821      0.4176
202     B         A           61           LYS            0.00           282    282    141     6.185     6.185     4.416     0.6355      0.6355      0.6355      0.4730
203     B         A           62           VAL            0.00           282    282    141     6.185     6.185     4.416     0.5854      0.5854      0.5854      0.4215
204     B         A           63           ALA            0.00           282    282    141     6.185     6.185     4.416     0.6161      0.6161      0.6161      0.4528
205     B         A           64           ASP            0.00           282    282    141     6.185     6.185     4.416     0.6329      0.6329      0.6329      0.4701
206     B         A           65           ALA            0.00           282    282    141     6.185     6.185     4.416     0.6608      0.6608      0.6608      0.5008
207     B         A           66           LEU            0.00           282    282    141     6.185     6.185     4.416     0.6627      0.6627      0.6627      0.5031
208     B         A           67           THR            0.00           282    282    141     6.185     6.185     4.416     0.6970      0.6970      0.6970      0.5419
209     B         A           68           ASN            0.00           282    282    141     6.185     6.185     4.416     0.6849      0.6849      0.6849      0.5275
210     B         A           69           ALA            0.00           282    282    141     6.185     6.185     4.416     0.6859      0.6859      0.6859      0.5296
211     B         A           70           VAL            0.00           282    282    141     6.185     6.185     4.416     0.6956      0.6956      0.6956      0.5406
212     B         A           71           ALA            0.00           282    282    141     6.185     6.185     4.416     0.6211      0.6211      0.6211      0.4574
213     B         A           72           HIS            0.00           282    282    141     6.185     6.185     4.416     0.6569      0.6569      0.6569      0.4958
214     B         A           73           VAL            0.00           282    282    141     6.185     6.185     4.416     0.6310      0.6310      0.6310      0.4690
215     B         A           74           ASP            0.00           282    282    141     6.185     6.185     4.416     0.4968      0.4968      0.4968      0.3383
216     B         A           75           ASP            0.00           282    282    116     6.185     6.185     3.975     0.3701      0.3971      0.3971      0.2173
217     B         A           76           MET            0.00           282    282    141     6.185     6.185     4.416     0.5775      0.5775      0.5775      0.4142
218     B         A           77           PRO            0.00           282    282    141     6.185     6.185     4.416     0.6162      0.6162      0.6162      0.4539
219     B         A           78           ASN            0.00           282    282    141     6.185     6.185     4.416     0.6246      0.6246      0.6246      0.4614
220     B         A           79           ALA            0.00           282    282    141     6.185     6.185     4.416     0.5933      0.5933      0.5933      0.4289
221     B         A           80           LEU            0.00           282    282    141     6.185     6.185     4.416     0.6073      0.6073      0.6073      0.4438
222     B         A           81           SER            0.00           282    282    141     6.185     6.185     4.416     0.5801      0.5801      0.5801      0.4169
223     B         A           82           ALA            0.00           282    282    141     6.185     6.185     4.416     0.5617      0.5617      0.5617      0.3979
224     B         A           83           LEU            0.00           282    282    141     6.185     6.185     4.416     0.6382      0.6382      0.6382      0.4757
225     B         A           84           SER            0.00           282    282    141     6.185     6.185     4.416     0.6203      0.6203      0.6203      0.4580
226     B         A           85           ASP            0.00           282    282    141     6.185     6.185     4.416     0.6136      0.6136      0.6136      0.4499
227     B         A           86           LEU            0.00           282    282    141     6.185     6.185     4.416     0.6240      0.6240      0.6240      0.4609
228     B         A           87           HIS            0.00           282    282    141     6.185     6.185     4.416     0.6072      0.6072      0.6072      0.4433
229     B         A           88           ALA            0.00           282    282    141     6.185     6.185     4.416     0.5384      0.5384      0.5384      0.3766
230     B         A           89           HIS            0.00           282    282    141     6.185     6.185     4.416     0.5172      0.5172      0.5172      0.3559
231     B         A           90           LYS            0.00           282    282    141     6.185     6.185     4.416     0.4529      0.4529      0.4529      0.2991
232     B         A           91           LEU            0.00           282    282    141     6.185     6.185     4.416     0.5476      0.5476      0.5476      0.3845
233     B         A           92           ARG            0.00           282    282    141     6.185     6.185     4.416     0.4928      0.4928      0.4928      0.3345
234     B         A           93           VAL            0.00           282    282    141     6.185     6.185     4.416     0.5195      0.5195      0.5195      0.3587
235     B         A           94           ASP            0.00           282    282    141     6.185     6.185     4.416     0.6562      0.6562      0.6562      0.4962
236     B         A           95           PRO            0.00           282    282    141     6.185     6.185     4.416     0.6180      0.6180      0.6180      0.4559
237     B         A           96           VAL            0.00           282    282    141     6.185     6.185     4.416     0.5971      0.5971      0.5971      0.4334
238     B         A           97           ASN            0.00           282    282    141     6.185     6.185     4.416     0.6573      0.6573      0.6573      0.4985
239     B         A           98           PHE            0.00           282    282    141     6.185     6.185     4.416     0.5894      0.5894      0.5894      0.4264
240     B         A           99           LYS            0.00           282    282    141     6.185     6.185     4.416     0.6194      0.6194      0.6194      0.4572
241     B         A          100           LEU            0.00           282    282    141     6.185     6.185     4.416     0.6980      0.6980      0.6980      0.5450
242     B         A          101           LEU            0.00           282    282    141     6.185     6.185     4.416     0.7272      0.7272      0.7272      0.5800
243     B         A          102           SER            0.00           282    282    141     6.185     6.185     4.416     0.6725      0.6725      0.6725      0.5154
244     B         A          103           HIS            0.00           282    282    141     6.185     6.185     4.416     0.7364      0.7364      0.7364      0.5907
245     B         A          104           CYS            0.00           282    282    141     6.185     6.185     4.416     0.7324      0.7324      0.7324      0.5866
246     B         A          105           LEU            0.00           282    282    141     6.185     6.185     4.416     0.6980      0.6980      0.6980      0.5450
247     B         A          106           LEU            0.00           282    282    141     6.185     6.185     4.416     0.6908      0.6908      0.6908      0.5363
248     B         A          107           VAL            0.00           282    282    141     6.185     6.185     4.416     0.7024      0.7024      0.7024      0.5500
249     B         A          108           THR            0.00           282    282    141     6.185     6.185     4.416     0.7273      0.7273      0.7273      0.5795
250     B         A          109           LEU            0.00           282    282    141     6.185     6.185     4.416     0.6979      0.6979      0.6979      0.5444
251     B         A          110           ALA            0.00           282    282    141     6.185     6.185     4.416     0.7068      0.7068      0.7068      0.5544
252     B         A          111           ALA            0.00           282    282    141     6.185     6.185     4.416     0.6981      0.6981      0.6981      0.5442
253     B         A          112           HIS            0.00           282    282    141     6.185     6.185     4.416     0.6482      0.6482      0.6482      0.4871
254     B         A          113           LEU            0.00           282    282    141     6.185     6.185     4.416     0.4935      0.4935      0.4935      0.3351
255     B         A          114           PRO            0.00           282    282    126     6.185     6.185     4.159     0.3624      0.3743      0.3743      0.2158
256     B         A          115           ALA            0.00           282    282    141     6.185     6.185     4.416     0.4467      0.4467      0.4467      0.2953
257     B         A          116           GLU            0.00           282    282    141     6.185     6.185     4.416     0.5660      0.5660      0.5660      0.4030
258     B         A          117           PHE            0.00           282    282    141     6.185     6.185     4.416     0.6875      0.6875      0.6875      0.5323
259     B         A          118           THR            0.00           282    282    141     6.185     6.185     4.416     0.7134      0.7134      0.7134      0.5641
260     B         A          119           PRO            0.00           282    282    141     6.185     6.185     4.416     0.7104      0.7104      0.7104      0.5601
261     B         A          120           ALA            0.00           282    282    141     6.185     6.185     4.416     0.6789      0.6789      0.6789      0.5235
262     B         A          121           VAL            0.00           282    282    141     6.185     6.185     4.416     0.7303      0.7303      0.7303      0.5837
263     B         A          122           HIS            0.00           282    282    141     6.185     6.185     4.416     0.7617      0.7617      0.7617      0.6239
264     B         A          123           ALA            0.00           282    282    141     6.185     6.185     4.416     0.7349      0.7349      0.7349      0.5901
265     B         A          124           SER            0.00           282    282    141     6.185     6.185     4.416     0.7201      0.7201      0.7201      0.5719
266     B         A          125           LEU            0.00           282    282    141     6.185     6.185     4.416     0.7418      0.7418      0.7418      0.5988
267     B         A          126           ASP            0.00           282    282    141     6.185     6.185     4.416     0.7535      0.7535      0.7535      0.6127
268     B         A          127           LYS            0.00           282    282    141     6.185     6.185     4.416     0.6957      0.6957      0.6957      0.5429
269     B         A          128           PHE            0.00           282    282    141     6.185     6.185     4.416     0.7318      0.7318      0.7318      0.5858
270     B         A          129           LEU            0.00           282    282    141     6.185     6.185     4.416     0.7258      0.7258      0.7258      0.5789
271     B         A          130           ALA            0.00           282    282    141     6.185     6.185     4.416     0.6945      0.6945      0.6945      0.5411
272     B         A          131           SER            0.00           282    282    141     6.185     6.185     4.416     0.6897      0.6897      0.6897      0.5361
273     B         A          132           VAL            0.00           282    282    141     6.185     6.185     4.416     0.7067      0.7067      0.7067      0.5554
274     B         A          133           SER            0.00           282    282    141     6.185     6.185     4.416     0.6570      0.6570      0.6570      0.4980
275     B         A          134           THR            0.00           282    282    141     6.185     6.185     4.416     0.6152      0.6152      0.6152      0.4527
276     B         A          135           VAL            0.00           282    282    141     6.185     6.185     4.416     0.7008      0.7008      0.7008      0.5480
277     B         A          136           LEU            0.00           282    282    141     6.185     6.185     4.416     0.6816      0.6816      0.6816      0.5253
278     B         A          137           THR            0.00           282    282    141     6.185     6.185     4.416     0.6004      0.6004      0.6004      0.4372
279     B         A          138           SER            0.00           282    282    141     6.185     6.185     4.416     0.6175      0.6175      0.6175      0.4553
280     B         A          139           LYS            0.00           282    282    141     6.185     6.185     4.416     0.6081      0.6081      0.6081      0.4454
281     B         A          140           TYR            0.00           282    282    141     6.185     6.185     4.416     0.5848      0.5848      0.5848      0.4235
282     B         A          141           ARG            0.00           282    282    112     6.185     6.185     3.897     0.3635      0.3937      0.3937      0.2088
142     B         C            1           VAL            0.00           287    285      0     6.234     6.214     1.000     0.0944      0.0000      0.0000      0.0000
143     B         C            2           LEU            0.00           287    285    146     6.234     6.214     4.498     0.4180      0.4180      0.4165      0.2744
144     B         C            3           SER            0.00           287    285    146     6.234     6.214     4.498     0.5804      0.5804      0.5789      0.4221
145     B         C            4           PRO            0.00           287    285    146     6.234     6.214     4.498     0.5279      0.5279      0.5263      0.3712
146     B         C            5           ALA            0.00           287    285    146     6.234     6.214     4.498     0.5461      0.5461      0.5446      0.3875
147     B         C            6           ASP            0.00           287    285    146     6.234     6.214     4.498     0.5839      0.5839      0.5823      0.4249
148     B         C            7           LYS            0.00           287    285    146     6.234     6.214     4.498     0.6088      0.6088      0.6073      0.4506
149     B         C            8           THR            0.00           287    285    146     6.234     6.214     4.498     0.5736      0.5736      0.5720      0.4150
150     B         C            9           ASN            0.00           287    285    146     6.234     6.214     4.498     0.6550      0.6550      0.6536      0.5001
151     B         C           10           VAL            0.00           287    285    146     6.234     6.214     4.498     0.6225      0.6225      0.6210      0.4649
152     B         C           11           LYS            0.00           287    285    146     6.234     6.214     4.498     0.6299      0.6299      0.6284      0.4734
153     B         C           12           ALA            0.00           287    285    146     6.234     6.214     4.498     0.5638      0.5638      0.5622      0.4050
154     B         C           13           ALA            0.00           287    285    146     6.234     6.214     4.498     0.5978      0.5978      0.5963      0.4390
155     B         C           14           TRP            0.00           287    285    146     6.234     6.214     4.498     0.5849      0.5849      0.5833      0.4261
156     B         C           15           GLY            0.00           287    285    146     6.234     6.214     4.498     0.5598      0.5598      0.5583      0.4015
157     B         C           16           LYS            0.00           287    285    146     6.234     6.214     4.498     0.4604      0.4604      0.4588      0.3093
158     B         C           17           VAL            0.00           287    285    133     6.234     6.214     4.282     0.3400      0.3470      0.3456      0.2018
159     B         C           18           GLY            0.00           287    285      0     6.234     6.214     1.000     0.1942      0.0000      0.0000      0.0000
160     B         C           19           ALA            0.00           287    285     40     6.234     6.214     1.826     0.2586      0.3183      0.3169      0.0387
161     B         C           20           HIS            0.00           287    285    146     6.234     6.214     4.498     0.4849      0.4849      0.4834      0.3316
162     B         C           21           ALA            0.00           287    285    146     6.234     6.214     4.498     0.5031      0.5031      0.5016      0.3482
163     B         C           22           GLY            0.00           287    285    146     6.234     6.214     4.498     0.5289      0.5289      0.5273      0.3712
164     B         C           23           GLU            0.00           287    285    146     6.234     6.214     4.498     0.5672      0.5672      0.5657      0.4081
165     B         C           24           TYR            0.00           287    285    146     6.234     6.214     4.498     0.6695      0.6695      0.6681      0.5172
166     B         C           25           GLY            0.00           287    285    146     6.234     6.214     4.498     0.6524      0.6524      0.6510      0.4976
167     B         C           26           ALA            0.00           287    285    146     6.234     6.214     4.498     0.6433      0.6433      0.6418      0.4883
168     B         C           27           GLU            0.00           287    285    146     6.234     6.214     4.498     0.6723      0.6723      0.6710      0.5208
169     B         C           28           ALA            0.00           287    285    146     6.234     6.214     4.498     0.6822      0.6822      0.6809      0.5322
170     B         C           29           LEU            0.00           287    285    146     6.234     6.214     4.498     0.6852      0.6852      0.6838      0.5355
171     B         C           30           GLU            0.00           287    285    146     6.234     6.214     4.498     0.6727      0.6727      0.6714      0.5215
172     B         C           31           ARG            0.00           287    285    146     6.234     6.214     4.498     0.6999      0.6999      0.6986      0.5521
173     B         C           32           MET            0.00           287    285    146     6.234     6.214     4.498     0.7041      0.7041      0.7028      0.5573
174     B         C           33           PHE            0.00           287    285    146     6.234     6.214     4.498     0.6952      0.6952      0.6939      0.5465
175     B         C           34           LEU            0.00           287    285    146     6.234     6.214     4.498     0.6976      0.6976      0.6963      0.5500
176     B         C           35           SER            0.00           287    285    146     6.234     6.214     4.498     0.6805      0.6805      0.6791      0.5297
177     B         C           36           PHE            0.00           287    285    146     6.234     6.214     4.498     0.6898      0.6898      0.6885      0.5409
178     B         C           37           PRO            0.00           287    285    146     6.234     6.214     4.498     0.5773      0.5773      0.5758      0.4223
179     B         C           38           THR            0.00           287    285    146     6.234     6.214     4.498     0.6347      0.6347      0.6333      0.4815
180     B         C           39           THR            0.00           287    285    146     6.234     6.214     4.498     0.6315      0.6315      0.6301      0.4776
181     B         C           40           LYS            0.00           287    285    146     6.234     6.214     4.498     0.6645      0.6645      0.6631      0.5137
182     B         C           41           THR            0.00           287    285    146     6.234     6.214     4.498     0.5753      0.5753      0.5738      0.4212
183     B         C           42           TYR            0.00           287    285    146     6.234     6.214     4.498     0.6275      0.6275      0.6260      0.4736
184     B         C           43           PHE            0.00           287    285    146     6.234     6.214     4.498     0.5854      0.5854      0.5839      0.4305
185     B         C           44           PRO            0.00           287    285    146     6.234     6.214     4.498     0.4639      0.4639      0.4624      0.3175
186     B         C           45           HIS            0.00           287    285    118     6.234     6.214     4.013     0.3752      0.4041      0.4026      0.2250
187     B         C           46           PHE            0.00           287    285    146     6.234     6.214     4.498     0.4943      0.4943      0.4927      0.3421
188     B         C           47           ASP            0.00           287    285    146     6.234     6.214     4.498     0.4829      0.4829      0.4813      0.3312
189     B         C           48           LEU            0.00           287    285    146     6.234     6.214     4.498     0.5311      0.5311      0.5295      0.3754
190     B         C           49           SER            0.00           287    285    146     6.234     6.214     4.498     0.4981      0.4981      0.4965      0.3450
191     B         C           50           HIS            0.00           287    285    146     6.234     6.214     4.498     0.4308      0.4308      0.4293      0.2850
192     B         C           51           GLY            0.00           287    285    125     6.234     6.214     4.141     0.3454      0.3582      0.3568      0.1992
193     B         C           52           SER            0.00           287    285    124     6.234     6.214     4.123     0.3615      0.3790      0.3775      0.2129
194     B         C           53           ALA            0.00           287    285    146     6.234     6.214     4.498     0.4634      0.4634      0.4618      0.3133
195     B         C           54           GLN            0.00           287    285    146     6.234     6.214     4.498     0.5686      0.5686      0.5671      0.4105
196     B         C           55           VAL            0.00           287    285    146     6.234     6.214     4.498     0.6104      0.6104      0.6089      0.4533
197     B         C           56           LYS            0.00           287    285    146     6.234     6.214     4.498     0.5668      0.5668      0.5653      0.4083
198     B         C           57           GLY            0.00           287    285    146     6.234     6.214     4.498     0.5575      0.5575      0.5560      0.4001
199     B         C           58           HIS            0.00           287    285    146     6.234     6.214     4.498     0.5895      0.5895      0.5880      0.4319
200     B         C           59           GLY            0.00           287    285    146     6.234     6.214     4.498     0.5871      0.5871      0.5856      0.4300
201     B         C           60           LYS            0.00           287    285    146     6.234     6.214     4.498     0.5687      0.5687      0.5672      0.4105
202     B         C           61           LYS            0.00           287    285    146     6.234     6.214     4.498     0.5819      0.5819      0.5804      0.4239
203     B         C           62           VAL            0.00           287    285    146     6.234     6.214     4.498     0.5505      0.5505      0.5490      0.3933
204     B         C           63           ALA            0.00           287    285    146     6.234     6.214     4.498     0.6353      0.6353      0.6339      0.4803
205     B         C           64           ASP            0.00           287    285    146     6.234     6.214     4.498     0.5868      0.5868      0.5853      0.4289
206     B         C           65           ALA            0.00           287    285    146     6.234     6.214     4.498     0.6017      0.6017      0.6002      0.4438
207     B         C           66           LEU            0.00           287    285    146     6.234     6.214     4.498     0.6433      0.6433      0.6419      0.4882
208     B         C           67           THR            0.00           287    285    146     6.234     6.214     4.498     0.6707      0.6707      0.6693      0.5182
209     B         C           68           ASN            0.00           287    285    146     6.234     6.214     4.498     0.6309      0.6309      0.6295      0.4742
210     B         C           69           ALA            0.00           287    285    146     6.234     6.214     4.498     0.6393      0.6393      0.6379      0.4835
211     B         C           70           VAL            0.00           287    285    146     6.234     6.214     4.498     0.6758      0.6758      0.6745      0.5252
212     B         C           71           ALA            0.00           287    285    146     6.234     6.214     4.498     0.5799      0.5799      0.5784      0.4210
213     B         C           72           HIS            0.00           287    285    146     6.234     6.214     4.498     0.5699      0.5699      0.5683      0.4109
214     B         C           73           VAL            0.00           287    285    146     6.234     6.214     4.498     0.5040      0.5040      0.5024      0.3496
215     B         C           74           ASP            0.00           287    285    146     6.234     6.214     4.498     0.4214      0.4214      0.4199      0.2773
216     B         C           75           ASP            0.00           287    285    120     6.234     6.214     4.050     0.3699      0.3940      0.3925      0.2209
217     B         C           76           MET            0.00           287    285    146     6.234     6.214     4.498     0.5359      0.5359      0.5344      0.3805
218     B         C           77           PRO            0.00           287    285    146     6.234     6.214     4.498     0.5519      0.5519      0.5504      0.3952
219     B         C           78           ASN            0.00           287    285    146     6.234     6.214     4.498     0.5333      0.5333      0.5318      0.3764
220     B         C           79           ALA            0.00           287    285    146     6.234     6.214     4.498     0.5564      0.5564      0.5549      0.3995
221     B         C           80           LEU            0.00           287    285    146     6.234     6.214     4.498     0.5874      0.5874      0.5859      0.4311
222     B         C           81           SER            0.00           287    285    146     6.234     6.214     4.498     0.5670      0.5670      0.5655      0.4106
223     B         C           82           ALA            0.00           287    285    146     6.234     6.214     4.498     0.5706      0.5706      0.5691      0.4136
224     B         C           83           LEU            0.00           287    285    146     6.234     6.214     4.498     0.6282      0.6282      0.6268      0.4732
225     B         C           84           SER            0.00           287    285    146     6.234     6.214     4.498     0.6004      0.6004      0.5989      0.4453
226     B         C           85           ASP            0.00           287    285    146     6.234     6.214     4.498     0.5822      0.5822      0.5807      0.4256
227     B         C           86           LEU            0.00           287    285    146     6.234     6.214     4.498     0.6333      0.6333      0.6319      0.4797
228     B         C           87           HIS            0.00           287    285    146     6.234     6.214     4.498     0.5839      0.5839      0.5824      0.4277
229     B         C           88           ALA            0.00           287    285    146     6.234     6.214     4.498     0.5393      0.5393      0.5378      0.3876
230     B         C           89           HIS            0.00           287    285    146     6.234     6.214     4.498     0.4755      0.4755      0.4740      0.3264
231     B         C           90           LYS            0.00           287    285    146     6.234     6.214     4.498     0.4887      0.4887      0.4872      0.3396
232     B         C           91           LEU            0.00           287    285    146     6.234     6.214     4.498     0.5773      0.5773      0.5758      0.4250
233     B         C           92           ARG            0.00           287    285    146     6.234     6.214     4.498     0.5643      0.5643      0.5628      0.4126
234     B         C           93           VAL            0.00           287    285    146     6.234     6.214     4.498     0.5479      0.5479      0.5464      0.3972
235     B         C           94           ASP            0.00           287    285    146     6.234     6.214     4.498     0.6455      0.6455      0.6441      0.4942
236     B         C           95           PRO            0.00           287    285    146     6.234     6.214     4.498     0.6142      0.6142      0.6127      0.4601
237     B         C           96           VAL            0.00           287    285    146     6.234     6.214     4.498     0.5787      0.5787      0.5772      0.4227
238     B         C           97           ASN            0.00           287    285    146     6.234     6.214     4.498     0.6448      0.6448      0.6434      0.4923
239     B         C           98           PHE            0.00           287    285    146     6.234     6.214     4.498     0.5803      0.5803      0.5788      0.4243
240     B         C           99           LYS            0.00           287    285    146     6.234     6.214     4.498     0.5957      0.5957      0.5942      0.4398
241     B         C          100           LEU            0.00           287    285    146     6.234     6.214     4.498     0.6517      0.6517      0.6503      0.4991
242     B         C          101           LEU            0.00           287    285    146     6.234     6.214     4.498     0.6962      0.6962      0.6949      0.5497
243     B         C          102           SER            0.00           287    285    146     6.234     6.214     4.498     0.6349      0.6349      0.6334      0.4801
244     B         C          103           HIS            0.00           287    285    146     6.234     6.214     4.498     0.6625      0.6625      0.6612      0.5093
245     B         C          104           CYS            0.00           287    285    146     6.234     6.214     4.498     0.6831      0.6831      0.6818      0.5330
246     B         C          105           LEU            0.00           287    285    146     6.234     6.214     4.498     0.6579      0.6579      0.6565      0.5048
247     B         C          106           LEU            0.00           287    285    146     6.234     6.214     4.498     0.6533      0.6533      0.6519      0.4991
248     B         C          107           VAL            0.00           287    285    146     6.234     6.214     4.498     0.6157      0.6157      0.6142      0.4580
249     B         C          108           THR            0.00           287    285    146     6.234     6.214     4.498     0.6862      0.6862      0.6849      0.5366
250     B         C          109           LEU            0.00           287    285    146     6.234     6.214     4.498     0.6691      0.6691      0.6677      0.5167
251     B         C          110           ALA            0.00           287    285    146     6.234     6.214     4.498     0.6451      0.6451      0.6437      0.4901
252     B         C          111           ALA            0.00           287    285    146     6.234     6.214     4.498     0.6157      0.6157      0.6143      0.4584
253     B         C          112           HIS            0.00           287    285    146     6.234     6.214     4.498     0.5991      0.5991      0.5976      0.4400
254     B         C          113           LEU            0.00           287    285    146     6.234     6.214     4.498     0.4686      0.4686      0.4670      0.3170
255     B         C          114           PRO            0.00           287    285    117     6.234     6.214     3.994     0.3332      0.3515      0.3501      0.1838
256     B         C          115           ALA            0.00           287    285    146     6.234     6.214     4.498     0.3688      0.3688      0.3673      0.2344
257     B         C          116           GLU            0.00           287    285    146     6.234     6.214     4.498     0.4922      0.4922      0.4906      0.3369
258     B         C          117           PHE            0.00           287    285    146     6.234     6.214     4.498     0.6115      0.6115      0.6100      0.4523
259     B         C          118           THR            0.00           287    285    146     6.234     6.214     4.498     0.6103      0.6103      0.6089      0.4522
260     B         C          119           PRO            0.00           287    285    146     6.234     6.214     4.498     0.5991      0.5991      0.5976      0.4402
261     B         C          120           ALA            0.00           287    285    146     6.234     6.214     4.498     0.6026      0.6026      0.6011      0.4441
262     B         C          121           VAL            0.00           287    285    146     6.234     6.214     4.498     0.6764      0.6764      0.6750      0.5244
263     B         C          122           HIS            0.00           287    285    146     6.234     6.214     4.498     0.6554      0.6554      0.6540      0.5002
264     B         C          123           ALA            0.00           287    285    146     6.234     6.214     4.498     0.6375      0.6375      0.6361      0.4815
265     B         C          124           SER            0.00           287    285    146     6.234     6.214     4.498     0.6467      0.6467      0.6453      0.4923
266     B         C          125           LEU            0.00           287    285    146     6.234     6.214     4.498     0.6915      0.6915      0.6902      0.5428
267     B         C          126           ASP            0.00           287    285    146     6.234     6.214     4.498     0.6677      0.6677      0.6664      0.5156
268     B         C          127           LYS            0.00           287    285    146     6.234     6.214     4.498     0.6334      0.6334      0.6320      0.4786
269     B         C          128           PHE            0.00           287    285    146     6.234     6.214     4.498     0.6805      0.6805      0.6791      0.5306
270     B         C          129           LEU            0.00           287    285    146     6.234     6.214     4.498     0.6826      0.6826      0.6812      0.5330
271     B         C          130           ALA            0.00           287    285    146     6.234     6.214     4.498     0.6353      0.6353      0.6338      0.4805
272     B         C          131           SER            0.00           287    285    146     6.234     6.214     4.498     0.6368      0.6368      0.6354      0.4824
273     B         C          132           VAL            0.00           287    285    146     6.234     6.214     4.498     0.6726      0.6726      0.6712      0.5229
274     B         C          133           SER            0.00           287    285    146     6.234     6.214     4.498     0.6249      0.6249      0.6235      0.4696
275     B         C          134           THR            0.00           287    285    146     6.234     6.214     4.498     0.5641      0.5641      0.5625      0.4068
276     B         C          135           VAL            0.00           287    285    146     6.234     6.214     4.498     0.6453      0.6453      0.6439      0.4924
277     B         C          136           LEU            0.00           287    285    146     6.234     6.214     4.498     0.6535      0.6535      0.6521      0.5010
278     B         C          137           THR            0.00           287    285    146     6.234     6.214     4.498     0.5774      0.5774      0.5759      0.4205
279     B         C          138           SER            0.00           287    285    146     6.234     6.214     4.498     0.5790      0.5790      0.5775      0.4228
280     B         C          139           LYS            0.00           287    285    146     6.234     6.214     4.498     0.5734      0.5734      0.5720      0.4186
281     B         C          140           TYR            0.00           287    285    146     6.234     6.214     4.498     0.5692      0.5692      0.5677      0.4147
282     B         C          141           ARG            0.00           287    285    101     6.234     6.214     3.673     0.3488      0.3932      0.3917      0.1899
142     B         D            1           VAL            0.00           287    287      2     6.234     6.234     1.000     0.1130      0.2929      0.2929      0.0106
143     B         D            2           LEU            0.00           287    287    146     6.234     6.234     4.498     0.6200      0.6200      0.6200      0.4701
144     B         D            3           SER            0.00           287    287    146     6.234     6.234     4.498     0.7693      0.7693      0.7693      0.6463
145     B         D            4           PRO            0.00           287    287    146     6.234     6.234     4.498     0.7656      0.7656      0.7656      0.6437
146     B         D            5           ALA            0.00           287    287    146     6.234     6.234     4.498     0.8166      0.8166      0.8166      0.7128
147     B         D            6           ASP            0.00           287    287    146     6.234     6.234     4.498     0.8419      0.8419      0.8419      0.7485
148     B         D            7           LYS            0.00           287    287    146     6.234     6.234     4.498     0.8495      0.8495      0.8495      0.7586
149     B         D            8           THR            0.00           287    287    146     6.234     6.234     4.498     0.8307      0.8307      0.8307      0.7326
150     B         D            9           ASN            0.00           287    287    146     6.234     6.234     4.498     0.8701      0.8701      0.8701      0.7901
151     B         D           10           VAL            0.00           287    287    146     6.234     6.234     4.498     0.8625      0.8625      0.8625      0.7794
152     B         D           11           LYS            0.00           287    287    146     6.234     6.234     4.498     0.8362      0.8362      0.8362      0.7384
153     B         D           12           ALA            0.00           287    287    146     6.234     6.234     4.498     0.8218      0.8218      0.8218      0.7200
154     B         D           13           ALA            0.00           287    287    146     6.234     6.234     4.498     0.8449      0.8449      0.8449      0.7524
155     B         D           14           TRP            0.00           287    287    146     6.234     6.234     4.498     0.8402      0.8402      0.8402      0.7467
156     B         D           15           GLY            0.00           287    287    146     6.234     6.234     4.498     0.7594      0.7594      0.7594      0.6334
157     B         D           16           LYS            0.00           287    287    146     6.234     6.234     4.498     0.7520      0.7520      0.7520      0.6249
158     B         D           17           VAL            0.00           287    287    146     6.234     6.234     4.498     0.6318      0.6318      0.6318      0.4857
159     B         D           18           GLY            0.00           287    287    116     6.234     6.234     3.975     0.3828      0.4226      0.4226      0.2352
160     B         D           19           ALA            0.00           287    287    129     6.234     6.234     4.213     0.4168      0.4391      0.4391      0.2711
161     B         D           20           HIS            0.00           287    287    146     6.234     6.234     4.498     0.6475      0.6475      0.6475      0.4998
162     B         D           21           ALA            0.00           287    287    146     6.234     6.234     4.498     0.6335      0.6335      0.6335      0.4859
163     B         D           22           GLY            0.00           287    287    146     6.234     6.234     4.498     0.7389      0.7389      0.7389      0.6091
164     B         D           23           GLU            0.00           287    287    146     6.234     6.234     4.498     0.8236      0.8236      0.8236      0.7231
165     B         D           24           TYR            0.00           287    287    146     6.234     6.234     4.498     0.8593      0.8593      0.8593      0.7725
166     B         D           25           GLY            0.00           287    287    146     6.234     6.234     4.498     0.8468      0.8468      0.8468      0.7539
167     B         D           26           ALA            0.00           287    287    146     6.234     6.234     4.498     0.8592      0.8592      0.8592      0.7739
168     B         D           27           GLU            0.00           287    287    146     6.234     6.234     4.498     0.8942      0.8942      0.8942      0.8274
169     B         D           28           ALA            0.00           287    287    146     6.234     6.234     4.498     0.8816      0.8816      0.8816      0.8074
170     B         D           29           LEU            0.00           287    287    146     6.234     6.234     4.498     0.8830      0.8830      0.8830      0.8108
171     B         D           30           GLU            0.00           287    287    146     6.234     6.234     4.498     0.8864      0.8864      0.8864      0.8147
172     B         D           31           ARG            0.00           287    287    146     6.234     6.234     4.498     0.9063      0.9063      0.9063      0.8445
173     B         D           32           MET            0.00           287    287    146     6.234     6.234     4.498     0.8939      0.8939      0.8939      0.8257
174     B         D           33           PHE            0.00           287    287    146     6.234     6.234     4.498     0.8791      0.8791      0.8791      0.8031
175     B         D           34           LEU            0.00           287    287    146     6.234     6.234     4.498     0.8930      0.8930      0.8930      0.8248
176     B         D           35           SER            0.00           287    287    146     6.234     6.234     4.498     0.8864      0.8864      0.8864      0.8125
177     B         D           36           PHE            0.00           287    287    146     6.234     6.234     4.498     0.8831      0.8831      0.8831      0.8091
178     B         D           37           PRO            0.00           287    287    146     6.234     6.234     4.498     0.8245      0.8245      0.8245      0.7237
179     B         D           38           THR            0.00           287    287    146     6.234     6.234     4.498     0.7776      0.7776      0.7776      0.6586
180     B         D           39           THR            0.00           287    287    146     6.234     6.234     4.498     0.8001      0.8001      0.8001      0.6865
181     B         D           40           LYS            0.00           287    287    146     6.234     6.234     4.498     0.8205      0.8205      0.8205      0.7146
182     B         D           41           THR            0.00           287    287    146     6.234     6.234     4.498     0.6963      0.6963      0.6963      0.5566
183     B         D           42           TYR            0.00           287    287    146     6.234     6.234     4.498     0.6934      0.6934      0.6934      0.5488
184     B         D           43           PHE            0.00           287    287    146     6.234     6.234     4.498     0.6764      0.6764      0.6764      0.5295
185     B         D           44           PRO            0.00           287    287    146     6.234     6.234     4.498     0.5401      0.5401      0.5401      0.3850
186     B         D           45           HIS            0.00           287    287    103     6.234     6.234     3.715     0.3452      0.3862      0.3862      0.1866
187     B         D           46           PHE            0.00           287    287    146     6.234     6.234     4.498     0.5541      0.5541      0.5541      0.4005
188     B         D           47           ASP            0.00           287    287    146     6.234     6.234     4.498     0.6250      0.6250      0.6250      0.4763
189     B         D           48           LEU            0.00           287    287    146     6.234     6.234     4.498     0.6693      0.6693      0.6693      0.5254
190     B         D           49           SER            0.00           287    287    146     6.234     6.234     4.498     0.6067      0.6067      0.6067      0.4581
191     B         D           50           HIS            0.00           287    287    146     6.234     6.234     4.498     0.5768      0.5768      0.5768      0.4262
192     B         D           51           GLY            0.00           287    287    146     6.234     6.234     4.498     0.5501      0.5501      0.5501      0.4028
193     B         D           52           SER            0.00           287    287    146     6.234     6.234     4.498     0.5094      0.5094      0.5094      0.3627
194     B         D           53           ALA            0.00           287    287    146     6.234     6.234     4.498     0.6141      0.6141      0.6141      0.4631
195     B         D           54           GLN            0.00           287    287    146     6.234     6.234     4.498     0.7307      0.7307      0.7307      0.5952
196     B         D           55           VAL            0.00           287    287    146     6.234     6.234     4.498     0.7849      0.7849      0.7849      0.6672
197     B         D           56           LYS            0.00           287    287    146     6.234     6.234     4.498     0.7665      0.7665      0.7665      0.6421
198     B         D           57           GLY            0.00           287    287    146     6.234     6.234     4.498     0.7236      0.7236      0.7236      0.5873
199     B         D           58           HIS            0.00           287    287    146     6.234     6.234     4.498     0.8004      0.8004      0.8004      0.6886
200     B         D           59           GLY            0.00           287    287    146     6.234     6.234     4.498     0.7798      0.7798      0.7798      0.6597
201     B         D           60           LYS            0.00           287    287    146     6.234     6.234     4.498     0.7781      0.7781      0.7781      0.6579
202     B         D           61           LYS            0.00           287    287    146     6.234     6.234     4.498     0.7857      0.7857      0.7857      0.6674
203     B         D           62           VAL            0.00           287    287    146     6.234     6.234     4.498     0.7656      0.7656      0.7656      0.6428
204     B         D           63           ALA            0.00           287    287    146     6.234     6.234     4.498     0.7761      0.7761      0.7761      0.6551
205     B         D           64           ASP            0.00           287    287    146     6.234     6.234     4.498     0.7742      0.7742      0.7742      0.6541
206     B         D           65           ALA            0.00           287    287    146     6.234     6.234     4.498     0.8072      0.8072      0.8072      0.6982
207     B         D           66           LEU            0.00           287    287    146     6.234     6.234     4.498     0.8317      0.8317      0.8317      0.7327
208     B         D           67           THR            0.00           287    287    146     6.234     6.234     4.498     0.8394      0.8394      0.8394      0.7432
209     B         D           68           ASN            0.00           287    287    146     6.234     6.234     4.498     0.8004      0.8004      0.8004      0.6870
210     B         D           69           ALA            0.00           287    287    146     6.234     6.234     4.498     0.8254      0.8254      0.8254      0.7247
211     B         D           70           VAL            0.00           287    287    146     6.234     6.234     4.498     0.8229      0.8229      0.8229      0.7189
212     B         D           71           ALA            0.00           287    287    146     6.234     6.234     4.498     0.7875      0.7875      0.7875      0.6699
213     B         D           72           HIS            0.00           287    287    146     6.234     6.234     4.498     0.7284      0.7284      0.7284      0.5919
214     B         D           73           VAL            0.00           287    287    146     6.234     6.234     4.498     0.6895      0.6895      0.6895      0.5464
215     B         D           74           ASP            0.00           287    287    146     6.234     6.234     4.498     0.6557      0.6557      0.6557      0.5086
216     B         D           75           ASP            0.00           287    287    133     6.234     6.234     4.282     0.4096      0.4234      0.4234      0.2619
217     B         D           76           MET            0.00           287    287    146     6.234     6.234     4.498     0.6492      0.6492      0.6492      0.4981
218     B         D           77           PRO            0.00           287    287    146     6.234     6.234     4.498     0.6954      0.6954      0.6954      0.5532
219     B         D           78           ASN            0.00           287    287    146     6.234     6.234     4.498     0.6386      0.6386      0.6386      0.4855
220     B         D           79           ALA            0.00           287    287    146     6.234     6.234     4.498     0.6612      0.6612      0.6612      0.5107
221     B         D           80           LEU            0.00           287    287    146     6.234     6.234     4.498     0.6851      0.6851      0.6851      0.5388
222     B         D           81           SER            0.00           287    287    146     6.234     6.234     4.498     0.6577      0.6577      0.6577      0.5076
223     B         D           82           ALA            0.00           287    287    146     6.234     6.234     4.498     0.5863      0.5863      0.5863      0.4288
224     B         D           83           LEU            0.00           287    287    146     6.234     6.234     4.498     0.6982      0.6982      0.6982      0.5522
225     B         D           84           SER            0.00           287    287    146     6.234     6.234     4.498     0.6315      0.6315      0.6315      0.4780
226     B         D           85           ASP            0.00           287    287    146     6.234     6.234     4.498     0.6146      0.6146      0.6146      0.4582
227     B         D           86           LEU            0.00           287    287    146     6.234     6.234     4.498     0.6239      0.6239      0.6239      0.4681
228     B         D           87           HIS            0.00           287    287    146     6.234     6.234     4.498     0.5779      0.5779      0.5779      0.4197
229     B         D           88           ALA            0.00           287    287    146     6.234     6.234     4.498     0.4922      0.4922      0.4922      0.3386
230     B         D           89           HIS            0.00           287    287    146     6.234     6.234     4.498     0.4784      0.4784      0.4784      0.3260
231     B         D           90           LYS            0.00           287    287    146     6.234     6.234     4.498     0.4441      0.4441      0.4441      0.2958
232     B         D           91           LEU            0.00           287    287    146     6.234     6.234     4.498     0.5252      0.5252      0.5252      0.3688
233     B         D           92           ARG            0.00           287    287    146     6.234     6.234     4.498     0.4552      0.4552      0.4552      0.3060
234     B         D           93           VAL            0.00           287    287    146     6.234     6.234     4.498     0.5452      0.5452      0.5452      0.3880
235     B         D           94           ASP            0.00           287    287    146     6.234     6.234     4.498     0.7130      0.7130      0.7130      0.5717
236     B         D           95           PRO            0.00           287    287    146     6.234     6.234     4.498     0.7286      0.7286      0.7286      0.5910
237     B         D           96           VAL            0.00           287    287    146     6.234     6.234     4.498     0.7324      0.7324      0.7324      0.5981
238     B         D           97           ASN            0.00           287    287    146     6.234     6.234     4.498     0.7914      0.7914      0.7914      0.6745
239     B         D           98           PHE            0.00           287    287    146     6.234     6.234     4.498     0.8074      0.8074      0.8074      0.6978
240     B         D           99           LYS            0.00           287    287    146     6.234     6.234     4.498     0.8579      0.8579      0.8579      0.7718
241     B         D          100           LEU            0.00           287    287    146     6.234     6.234     4.498     0.8779      0.8779      0.8779      0.8014
242     B         D          101           LEU            0.00           287    287    146     6.234     6.234     4.498     0.8835      0.8835      0.8835      0.8123
243     B         D          102           SER            0.00           287    287    146     6.234     6.234     4.498     0.8893      0.8893      0.8893      0.8207
244     B         D          103           HIS            0.00           287    287    146     6.234     6.234     4.498     0.9097      0.9097      0.9097      0.8507
245     B         D          104           CYS            0.00           287    287    146     6.234     6.234     4.498     0.9080      0.9080      0.9080      0.8476
246     B         D          105           LEU            0.00           287    287    146     6.234     6.234     4.498     0.8989      0.8989      0.8989      0.8367
247     B         D          106           LEU            0.00           287    287    146     6.234     6.234     4.498     0.8994      0.8994      0.8994      0.8369
248     B         D          107           VAL            0.00           287    287    146     6.234     6.234     4.498     0.9074      0.9074      0.9074      0.8487
249     B         D          108           THR            0.00           287    287    146     6.234     6.234     4.498     0.9090      0.9090      0.9090      0.8516
250     B         D          109           LEU            0.00           287    287    146     6.234     6.234     4.498     0.9026      0.9026      0.9026      0.8417
251     B         D          110           ALA            0.00           287    287    146     6.234     6.234     4.498     0.8904      0.8904      0.8904      0.8230
252     B         D          111           ALA            0.00           287    287    146     6.234     6.234     4.498     0.8792      0.8792      0.8792      0.8059
253     B         D          112           HIS            0.00           287    287    146     6.234     6.234     4.498     0.8780      0.8780      0.8780      0.8027
254     B         D          113           LEU            0.00           287    287    146     6.234     6.234     4.498     0.8034      0.8034      0.8034      0.6977
255     B         D          114           PRO            0.00           287    287    146     6.234     6.234     4.498     0.7233      0.7233      0.7233      0.5962
256     B         D          115           ALA            0.00           287    287    146     6.234     6.234     4.498     0.7529      0.7529      0.7529      0.6319
257     B         D          116           GLU            0.00           287    287    146     6.234     6.234     4.498     0.8127      0.8127      0.8127      0.7090
258     B         D          117           PHE            0.00           287    287    146     6.234     6.234     4.498     0.8960      0.8960      0.8960      0.8306
259     B         D          118           THR            0.00           287    287    146     6.234     6.234     4.498     0.8909      0.8909      0.8909      0.8241
260     B         D          119           PRO            0.00           287    287    146     6.234     6.234     4.498     0.8853      0.8853      0.8853      0.8150
261     B         D          120           ALA            0.00           287    287    146     6.234     6.234     4.498     0.8857      0.8857      0.8857      0.8157
262     B         D          121           VAL            0.00           287    287    146     6.234     6.234     4.498     0.9025      0.9025      0.9025      0.8413
263     B         D          122           HIS            0.00           287    287    146     6.234     6.234     4.498     0.9116      0.9116      0.9116      0.8554
264     B         D          123           ALA            0.00           287    287    146     6.234     6.234     4.498     0.8996      0.8996      0.8996      0.8373
265     B         D          124           SER            0.00           287    287    146     6.234     6.234     4.498     0.9014      0.9014      0.9014      0.8396
266     B         D          125           LEU            0.00           287    287    146     6.234     6.234     4.498     0.9039      0.9039      0.9039      0.8434
267     B         D          126           ASP            0.00           287    287    146     6.234     6.234     4.498     0.8985      0.8985      0.8985      0.8337
268     B         D          127           LYS            0.00           287    287    146     6.234     6.234     4.498     0.8930      0.8930      0.8930      0.8262
269     B         D          128           PHE            0.00           287    287    146     6.234     6.234     4.498     0.8952      0.8952      0.8952      0.8300
270     B         D          129           LEU            0.00           287    287    146     6.234     6.234     4.498     0.8902      0.8902      0.8902      0.8217
271     B         D          130           ALA            0.00           287    287    146     6.234     6.234     4.498     0.8684      0.8684      0.8684      0.7880
272     B         D          131           SER            0.00           287    287    146     6.234     6.234     4.498     0.8604      0.8604      0.8604      0.7757
273     B         D          132           VAL            0.00           287    287    146     6.234     6.234     4.498     0.8469      0.8469      0.8469      0.7555
274     B         D          133           SER            0.00           287    287    146     6.234     6.234     4.498     0.8184      0.8184      0.8184      0.7132
275     B         D          134           THR            0.00           287    287    146     6.234     6.234     4.498     0.8015      0.8015      0.8015      0.6902
276     B         D          135           VAL            0.00           287    287    146     6.234     6.234     4.498     0.8127      0.8127      0.8127      0.7049
277     B         D          136           LEU            0.00           287    287    146     6.234     6.234     4.498     0.7859      0.7859      0.7859      0.6660
278     B         D          137           THR            0.00           287    287    146     6.234     6.234     4.498     0.6612      0.6612      0.6612      0.5119
279     B         D          138           SER            0.00           287    287    146     6.234     6.234     4.498     0.6901      0.6901      0.6901      0.5446
280     B         D          139           LYS            0.00           287    287    146     6.234     6.234     4.498     0.6180      0.6180      0.6180      0.4623
281     B         D          140           TYR            0.00           287    287    146     6.234     6.234     4.498     0.5243      0.5243      0.5243      0.3676
282     B         D          141           ARG            0.00           287    287     26     6.234     6.234     1.000     0.2450      0.3073      0.3073      0.0113
283     C         A            1           VAL            0.00           287    280      0     6.234     6.165     1.000     0.1040      0.0000      0.0000      0.0000
284     C         A            2           HIS            0.00           287    280     17     6.234     6.165     1.000     0.2014      0.3516      0.3466      0.0143
285     C         A            3           LEU            0.00           287    280    141     6.234     6.165     4.416     0.5137      0.5137      0.5083      0.3533
286     C         A            4           THR            0.00           287    280    141     6.234     6.165     4.416     0.6409      0.6409      0.6359      0.4793
287     C         A            5           PRO            0.00           287    280    141     6.234     6.165     4.416     0.5821      0.5821      0.5769      0.4198
288     C         A            6           GLU            0.00           287    280    141     6.234     6.165     4.416     0.6413      0.6413      0.6364      0.4815
289     C         A            7           GLU            0.00           287    280    141     6.234     6.165     4.416     0.6557      0.6557      0.6509      0.4974
290     C         A            8           LYS            0.00           287    280    141     6.234     6.165     4.416     0.6952      0.6952      0.6906      0.5423
291     C         A            9           SER            0.00           287    280    141     6.234     6.165     4.416     0.6339      0.6339      0.6290      0.4754
292     C         A           10           ALA            0.00           287    280    141     6.234     6.165     4.416     0.7209      0.7209      0.7166      0.5743
293     C         A           11           VAL            0.00           287    280    141     6.234     6.165     4.416     0.7398      0.7398      0.7357      0.5971
294     C         A           12           THR            0.00           287    280    141     6.234     6.165     4.416     0.7254      0.7254      0.7212      0.5801
295     C         A           13           ALA            0.00           287    280    141     6.234     6.165     4.416     0.7261      0.7261      0.7218      0.5808
296     C         A           14           LEU            0.00           287    280    141     6.234     6.165     4.416     0.7990      0.7990      0.7955      0.6728
297     C         A           15           TRP            0.00           287    280    141     6.234     6.165     4.416     0.8126      0.8126      0.8093      0.6921
298     C         A           16           GLY            0.00           287    280    141     6.234     6.165     4.416     0.7195      0.7195      0.7152      0.5711
299     C         A           17           LYS            0.00           287    280    141     6.234     6.165     4.416     0.7463      0.7463      0.7422      0.6045
300     C         A           18           VAL            0.00           287    280    141     6.234     6.165     4.416     0.5817      0.5817      0.5765      0.4198
301     C         A           19           ASN            0.00           287    280    122     6.234     6.165     4.087     0.3887      0.4082      0.4030      0.2351
302     C         A           20           VAL            0.00           287    280     47     6.234     6.165     2.137     0.2677      0.3860      0.3809      0.0726
303     C         A           21           ASP            0.00           287    280     71     6.234     6.165     2.944     0.3180      0.4048      0.3997      0.1394
304     C         A           22           GLU            0.00           287    280    141     6.234     6.165     4.416     0.5107      0.5107      0.5055      0.3552
305     C         A           23           VAL            0.00           287    280    141     6.234     6.165     4.416     0.6779      0.6779      0.6733      0.5242
306     C         A           24           GLY            0.00           287    280    141     6.234     6.165     4.416     0.7213      0.7213      0.7170      0.5743
307     C         A           25           GLY            0.00           287    280    141     6.234     6.165     4.416     0.8059      0.8059      0.8026      0.6857
308     C         A           26           GLU            0.00           287    280    141     6.234     6.165     4.416     0.8711      0.8711      0.8686      0.7774
309     C         A           27           ALA            0.00           287    280    141     6.234     6.165     4.416     0.8799      0.8799      0.8776      0.7912
310     C         A           28           LEU            0.00           287    280    141     6.234     6.165     4.416     0.9033      0.9033      0.9014      0.8280
311     C         A           29           GLY            0.00           287    280    141     6.234     6.165     4.416     0.9049      0.9049      0.9030      0.8312
312     C         A           30           ARG            0.00           287    280    141     6.234     6.165     4.416     0.9333      0.9333      0.9319      0.8776
313     C         A           31           LEU            0.00           287    280    141     6.234     6.165     4.416     0.9226      0.9226      0.9210      0.8599
314     C         A           32           LEU            0.00           287    280    141     6.234     6.165     4.416     0.9114      0.9114      0.9096      0.8415
315     C         A           33           VAL            0.00           287    280    141     6.234     6.165     4.416     0.9329      0.9329      0.9316      0.8772
316     C         A           34           VAL            0.00           287    280    141     6.234     6.165     4.416     0.9271      0.9271      0.9257      0.8674
317     C         A           35           TYR            0.00           287    280    141     6.234     6.165     4.416     0.9228      0.9228      0.9213      0.8603
318     C         A           36           PRO            0.00           287    280    141     6.234     6.165     4.416     0.8695      0.8695      0.8671      0.7755
319     C         A           37           TRP            0.00           287    280    141     6.234     6.165     4.416     0.8453      0.8453      0.8425      0.7385
320     C         A           38           THR            0.00           287    280    141     6.234     6.165     4.416     0.8386      0.8386      0.8356      0.7285
321     C         A           39           GLN            0.00           287    280    141     6.234     6.165     4.416     0.8354      0.8354      0.8324      0.7227
322     C         A           40           ARG            0.00           287    280    141     6.234     6.165     4.416     0.6141      0.6141      0.6091      0.4556
323     C         A           41           PHE            0.00           287    280    141     6.234     6.165     4.416     0.4669      0.4669      0.4615      0.3099
324     C         A           42           PHE            0.00           287    280    141     6.234     6.165     4.416     0.5838      0.5838      0.5785      0.4194
325     C         A           43           GLU            0.00           287    280    141     6.234     6.165     4.416     0.4638      0.4638      0.4584      0.3066
326     C         A           44           SER            0.00           287    280    141     6.234     6.165     4.416     0.4517      0.4517      0.4463      0.2979
327     C         A           45           PHE            0.00           287    280    141     6.234     6.165     4.416     0.5385      0.5385      0.5331      0.3752
328     C         A           46           GLY            0.00           287    280    141     6.234     6.165     4.416     0.4514      0.4514      0.4462      0.3004
329     C         A           47           ASP            0.00           287    280    141     6.234     6.165     4.416     0.6467      0.6467      0.6418      0.4881
330     C         A           48           LEU            0.00           287    280    141     6.234     6.165     4.416     0.6865      0.6865      0.6818      0.5326
331     C         A           49           SER            0.00           287    280    141     6.234     6.165     4.416     0.6254      0.6254      0.6206      0.4720
332     C         A           50           THR            0.00           287    280    141     6.234     6.165     4.416     0.7830      0.7830      0.7794      0.6568
333     C         A           51           PRO            0.00           287    280    141     6.234     6.165     4.416     0.8097      0.8097      0.8064      0.6900
334     C         A           52           ASP            0.00           287    280    141     6.234     6.165     4.416     0.8167      0.8167      0.8134      0.6998
335     C         A           53           ALA            0.00           287    280    141     6.234     6.165     4.416     0.8013      0.8013      0.7979      0.6777
336     C         A           54           VAL            0.00           287    280    141     6.234     6.165     4.416     0.8475      0.8475      0.8447      0.7424
337     C         A           55           MET            0.00           287    280    141     6.234     6.165     4.416     0.8300      0.8300      0.8269      0.7167
338     C         A           56           GLY            0.00           287    280    141     6.234     6.165     4.416     0.8001      0.8001      0.7967      0.6766
339     C         A           57           ASN            0.00           287    280    141     6.234     6.165     4.416     0.7948      0.7948      0.7913      0.6677
340     C         A           58           PRO            0.00           287    280    141     6.234     6.165     4.416     0.6743      0.6743      0.6696      0.5198
341     C         A           59           LYS            0.00           287    280    141     6.234     6.165     4.416     0.7745      0.7745      0.7707      0.6380
342     C         A           60           VAL            0.00           287    280    141     6.234     6.165     4.416     0.8063      0.8063      0.8029      0.6824
343     C         A           61           LYS            0.00           287    280    141     6.234     6.165     4.416     0.7634      0.7634      0.7594      0.6245
344     C         A           62           ALA            0.00           287    280    141     6.234     6.165     4.416     0.7240      0.7240      0.7197      0.5762
345     C         A           63           HIS            0.00           287    280    141     6.234     6.165     4.416     0.7659      0.7659      0.7620      0.6278
346     C         A           64           GLY            0.00           287    280    141     6.234     6.165     4.416     0.6646      0.6646      0.6598      0.5062
347     C         A           65           LYS            0.00           287    280    141     6.234     6.165     4.416     0.7050      0.7050      0.7004      0.5525
348     C         A           66           LYS            0.00           287    280    141     6.234     6.165     4.416     0.6213      0.6213      0.6162      0.4587
349     C         A           67           VAL            0.00           287    280    141     6.234     6.165     4.416     0.5600      0.5600      0.5547      0.3970
350     C         A           68           LEU            0.00           287    280    141     6.234     6.165     4.416     0.5405      0.5405      0.5352      0.3769
351     C         A           69           GLY            0.00           287    280    141     6.234     6.165     4.416     0.6265      0.6265      0.6215      0.4654
352     C         A           70           ALA            0.00           287    280    141     6.234     6.165     4.416     0.6009      0.6009      0.5958      0.4377
353     C         A           71           PHE            0.00           287    280    141     6.234     6.165     4.416     0.5605      0.5605      0.5551      0.3959
354     C         A           72           SER            0.00           287    280    141     6.234     6.165     4.416     0.6493      0.6493      0.6443      0.4873
355     C         A           73           ASP            0.00           287    280    141     6.234     6.165     4.416     0.5688      0.5688      0.5635      0.4047
356     C         A           74           GLY            0.00           287    280    141     6.234     6.165     4.416     0.5207      0.5207      0.5153      0.3573
357     C         A           75           LEU            0.00           287    280    141     6.234     6.165     4.416     0.5630      0.5630      0.5576      0.3971
358     C         A           76           ALA            0.00           287    280    141     6.234     6.165     4.416     0.5137      0.5137      0.5082      0.3500
359     C         A           77           HIS            0.00           287    280    141     6.234     6.165     4.416     0.4610      0.4610      0.4555      0.3028
360     C         A           78           LEU            0.00           287    280    141     6.234     6.165     4.416     0.4012      0.4012      0.3959      0.2540
361     C         A           79           ASP            0.00           287    280    128     6.234     6.165     4.195     0.3862      0.3981      0.3929      0.2339
362     C         A           80           ASN            0.00           287    280     77     6.234     6.165     3.108     0.2980      0.3317      0.3268      0.1103
363     C         A           81           LEU            0.00           287    280    141     6.234     6.165     4.416     0.3940      0.3940      0.3887      0.2479
364     C         A           82           LYS            0.00           287    280    128     6.234     6.165     4.195     0.3464      0.3539      0.3488      0.2001
365     C         A           83           GLY            0.00           287    280     39     6.234     6.165     1.777     0.2658      0.3290      0.3241      0.0386
366     C         A           84           THR            0.00           287    280     31     6.234     6.165     1.325     0.2480      0.3070      0.3022      0.0197
367     C         A           85           PHE            0.00           287    280     31     6.234     6.165     1.325     0.2466      0.3128      0.3080      0.0202
368     C         A           86           ALA            0.00           287    280     58     6.234     6.165     2.544     0.2762      0.3248      0.3200      0.0747
369     C         A           87           THR            0.00           287    280      0     6.234     6.165     1.000     0.1862      0.0000      0.0000      0.0000
370     C         A           88           LEU            0.00           287    280     22     6.234     6.165     1.000     0.2336      0.3078      0.3031      0.0113
371     C         A           89           SER            0.00           287    280      0     6.234     6.165     1.000     0.1828      0.0000      0.0000      0.0000
372     C         A           90           GLU            0.00           287    280      6     6.234     6.165     1.000     0.2105      0.2943      0.2896      0.0106
373     C         A           91           LEU            0.00           287    280     12     6.234     6.165     1.000     0.2172      0.2970      0.2924      0.0108
374     C         A           92           HIS            0.00           287    280      1     6.234     6.165     1.000     0.1948      0.2831      0.2786      0.0101
375     C         A           93           CYS            0.00           287    280      0     6.234     6.165     1.000     0.1564      0.0000      0.0000      0.0000
376     C         A           94           ASP            0.00           287    280      0     6.234     6.165     1.000     0.1589      0.0000      0.0000      0.0000
377     C         A           95           LYS            0.00           287    280      0     6.234     6.165     1.000     0.1394      0.0000      0.0000      0.0000
378     C         A           96           LEU            0.00           287    280      4     6.234     6.165     1.000     0.1897      0.3077      0.3029      0.0113
379     C         A           97           HIS            0.00           287    280      8     6.234     6.165     1.000     0.2036      0.3221      0.3173      0.0122
380     C         A           98           VAL            0.00           287    280    105     6.234     6.165     3.757     0.3271      0.3495      0.3445      0.1653
381     C         A           99           ASP            0.00           287    280    141     6.234     6.165     4.416     0.4268      0.4268      0.4214      0.2748
382     C         A          100           PRO            0.00           287    280    141     6.234     6.165     4.416     0.4122      0.4122      0.4069      0.2641
383     C         A          101           GLU            0.00           287    280    141     6.234     6.165     4.416     0.5788      0.5788      0.5735      0.4133
384     C         A          102           ASN            0.00           287    280    141     6.234     6.165     4.416     0.6498      0.6498      0.6448      0.4883
385     C         A          103           PHE            0.00           287    280    141     6.234     6.165     4.416     0.6687      0.6687      0.6639      0.5109
386     C         A          104           ARG            0.00           287    280    141     6.234     6.165     4.416     0.8277      0.8277      0.8246      0.7132
387     C         A          105           LEU            0.00           287    280    141     6.234     6.165     4.416     0.8744      0.8744      0.8720      0.7826
388     C         A          106           LEU            0.00           287    280    141     6.234     6.165     4.416     0.8854      0.8854      0.8832      0.7994
389     C         A          107           GLY            0.00           287    280    141     6.234     6.165     4.416     0.9023      0.9023      0.9004      0.8274
390     C         A          108           ASN            0.00           287    280    141     6.234     6.165     4.416     0.9085      0.9085      0.9067      0.8378
391     C         A          109           VAL            0.00           287    280    141     6.234     6.165     4.416     0.9353      0.9353      0.9340      0.8816
392     C         A          110           LEU            0.00           287    280    141     6.234     6.165     4.416     0.9451      0.9451      0.9439      0.8983
393     C         A          111           VAL            0.00           287    280    141     6.234     6.165     4.416     0.9548      0.9548      0.9538      0.9156
394     C         A          112           CYS            0.00           287    280    141     6.234     6.165     4.416     0.9523      0.9523      0.9513      0.9111
395     C         A          113           VAL            0.00           287    280    141     6.234     6.165     4.416     0.9525      0.9525      0.9515      0.9112
396     C         A          114           LEU            0.00           287    280    141     6.234     6.165     4.416     0.9481      0.9481      0.9471      0.9037
397     C         A          115           ALA            0.00           287    280    141     6.234     6.165     4.416     0.9354      0.9354      0.9341      0.8822
398     C         A          116           HIS            0.00           287    280    141     6.234     6.165     4.416     0.9342      0.9342      0.9329      0.8797
399     C         A          117           HIS            0.00           287    280    141     6.234     6.165     4.416     0.8965      0.8965      0.8945      0.8187
400     C         A          118           PHE            0.00           287    280    141     6.234     6.165     4.416     0.9069      0.9069      0.9051      0.8350
401     C         A          119           GLY            0.00           287    280    141     6.234     6.165     4.416     0.8208      0.8208      0.8177      0.7091
402     C         A          120           LYS            0.00           287    280    141     6.234     6.165     4.416     0.7039      0.7039      0.6997      0.5626
403     C         A          121           GLU            0.00           287    280    141     6.234     6.165     4.416     0.8127      0.8127      0.8095      0.6973
404     C         A          122           PHE            0.00           287    280    141     6.234     6.165     4.416     0.9315      0.9315      0.9301      0.8751
405     C         A          123           THR            0.00           287    280    141     6.234     6.165     4.416     0.9325      0.9325      0.9312      0.8771
406     C         A          124           PRO            0.00           287    280    141     6.234     6.165     4.416     0.9301      0.9301      0.9287      0.8732
407     C         A          125           PRO            0.00           287    280    141     6.234     6.165     4.416     0.9247      0.9247      0.9232      0.8642
408     C         A          126           VAL            0.00           287    280    141     6.234     6.165     4.416     0.9371      0.9371      0.9358      0.8847
409     C         A          127           GLN            0.00           287    280    141     6.234     6.165     4.416     0.9480      0.9480      0.9469      0.9035
410     C         A          128           ALA            0.00           287    280    141     6.234     6.165     4.416     0.9360      0.9360      0.9347      0.8831
411     C         A          129           ALA            0.00           287    280    141     6.234     6.165     4.416     0.9268      0.9268      0.9253      0.8675
412     C         A          130           TYR            0.00           287    280    141     6.234     6.165     4.416     0.9389      0.9389      0.9376      0.8873
413     C         A          131           GLN            0.00           287    280    141     6.234     6.165     4.416     0.9131      0.9131      0.9114      0.8448
414     C         A          132           LYS            0.00           287    280    141     6.234     6.165     4.416     0.9113      0.9113      0.9095      0.8416
415     C         A          133           VAL            0.00           287    280    141     6.234     6.165     4.416     0.8856      0.8856      0.8834      0.8006
416     C         A          134           VAL            0.00           287    280    141     6.234     6.165     4.416     0.8519      0.8519      0.8492      0.7481
417     C         A          135           ALA            0.00           287    280    141     6.234     6.165     4.416     0.8665      0.8665      0.8640      0.7719
418     C         A          136           GLY            0.00           287    280    141     6.234     6.165     4.416     0.8511      0.8511      0.8483      0.7479
419     C         A          137           VAL            0.00           287    280    141     6.234     6.165     4.416     0.7975      0.7975      0.7940      0.6712
420     C         A          138           ALA            0.00           287    280    141     6.234     6.165     4.416     0.7253      0.7253      0.7210      0.5758
421     C         A          139           ASN            0.00           287    280    141     6.234     6.165     4.416     0.7296      0.7296      0.7253      0.5820
422     C         A          140           ALA            0.00           287    280    141     6.234     6.165     4.416     0.6765      0.6765      0.6717      0.5189
423     C         A          141           LEU            0.00           287    280    141     6.234     6.165     4.416     0.5426      0.5426      0.5371      0.3770
424     C         A          142           ALA            0.00           287    280    130     6.234     6.165     4.230     0.3363      0.3416      0.3366      0.1939
425     C         A          143           HIS            0.00           287    280    121     6.234     6.165     4.068     0.3411      0.3533      0.3482      0.1901
426     C         A          144           LYS            0.00           287    280     23     6.234     6.165     1.000     0.2452      0.3278      0.3229      0.0125
427     C         A          145           TYR            0.00           287    280      2     6.234     6.165     1.000     0.2036      0.2895      0.2849      0.0104
428     C         A          146           HIS            0.00           287    280      0     6.234     6.165     1.000     0.1211      0.0000      0.0000      0.0000
283     C         B            1           VAL            0.00           287    286      0     6.234     6.224     1.000     0.0826      0.0000      0.0000      0.0000
284     C         B            2           HIS            0.00           287    286      2     6.234     6.224     1.000     0.1537      0.3171      0.3164      0.0118
285     C         B            3           LEU            0.00           287    286    126     6.234     6.224     4.159     0.3384      0.3464      0.3457      0.1921
286     C         B            4           THR            0.00           287    286    141     6.234     6.224     4.416     0.4675      0.4675      0.4667      0.3073
287     C         B            5           PRO            0.00           287    286    141     6.234     6.224     4.416     0.3572      0.3572      0.3565      0.2191
288     C         B            6           GLU            0.00           287    286    140     6.234     6.224     4.400     0.3701      0.3708      0.3701      0.2284
289     C         B            7           GLU            0.00           287    286    141     6.234     6.224     4.416     0.3837      0.3837      0.3830      0.2397
290     C         B            8           LYS            0.00           287    286    141     6.234     6.224     4.416     0.4562      0.4562      0.4554      0.2983
291     C         B            9           SER            0.00           287    286    140     6.234     6.224     4.400     0.3674      0.3681      0.3674      0.2262
292     C         B           10           ALA            0.00           287    286    141     6.234     6.224     4.416     0.4197      0.4197      0.4189      0.2692
293     C         B           11           VAL            0.00           287    286    141     6.234     6.224     4.416     0.4583      0.4583      0.4576      0.3007
294     C         B           12           THR            0.00           287    286    141     6.234     6.224     4.416     0.4819      0.4819      0.4811      0.3203
295     C         B           13           ALA            0.00           287    286    141     6.234     6.224     4.416     0.4417      0.4417      0.4410      0.2862
296     C         B           14           LEU            0.00           287    286    141     6.234     6.224     4.416     0.5358      0.5358      0.5351      0.3700
297     C         B           15           TRP            0.00           287    286    141     6.234     6.224     4.416     0.5426      0.5426      0.5419      0.3765
298     C         B           16           GLY            0.00           287    286    141     6.234     6.224     4.416     0.5025      0.5025      0.5017      0.3389
299     C         B           17           LYS            0.00           287    286    141     6.234     6.224     4.416     0.4702      0.4702      0.4695      0.3114
300     C         B           18           VAL            0.00           287    286    121     6.234     6.224     4.068     0.3402      0.3530      0.3523      0.1904
301     C         B           19           ASN            0.00           287    286     32     6.234     6.224     1.388     0.2434      0.3266      0.3259      0.0237
302     C         B           20           VAL            0.00           287    286      9     6.234     6.224     1.000     0.1689      0.3021      0.3014      0.0110
303     C         B           21           ASP            0.00           287    286     15     6.234     6.224     1.000     0.1909      0.3120      0.3114      0.0116
304     C         B           22           GLU            0.00           287    286     86     6.234     6.224     3.335     0.3189      0.3608      0.3601      0.1418
305     C         B           23           VAL            0.00           287    286    141     6.234     6.224     4.416     0.5180      0.5180      0.5173      0.3563
306     C         B           24           GLY            0.00           287    286    141     6.234     6.224     4.416     0.5476      0.5476      0.5468      0.3831
307     C         B           25           GLY            0.00           287    286    141     6.234     6.224     4.416     0.5934      0.5934      0.5927      0.4279
308     C         B           26           GLU            0.00           287    286    141     6.234     6.224     4.416     0.6698      0.6698      0.6691      0.5098
309     C         B           27           ALA            0.00           287    286    141     6.234     6.224     4.416     0.6990      0.6990      0.6984      0.5440
310     C         B           28           LEU            0.00           287    286    141     6.234     6.224     4.416     0.7075      0.7075      0.7068      0.5544
311     C         B           29           GLY            0.00           287    286    141     6.234     6.224     4.416     0.7039      0.7039      0.7032      0.5501
312     C         B           30           ARG            0.00           287    286    141     6.234     6.224     4.416     0.7467      0.7467      0.7461      0.6013
313     C         B           31           LEU            0.00           287    286    141     6.234     6.224     4.416     0.7508      0.7508      0.7502      0.6077
314     C         B           32           LEU            0.00           287    286    141     6.234     6.224     4.416     0.7101      0.7101      0.7095      0.5575
315     C         B           33           VAL            0.00           287    286    141     6.234     6.224     4.416     0.7492      0.7492      0.7486      0.6057
316     C         B           34           VAL            0.00           287    286    141     6.234     6.224     4.416     0.7342      0.7342      0.7336      0.5877
317     C         B           35           TYR            0.00           287    286    141     6.234     6.224     4.416     0.7188      0.7188      0.7182      0.5681
318     C         B           36           PRO            0.00           287    286    141     6.234     6.224     4.416     0.6776      0.6776      0.6769      0.5213
319     C         B           37           TRP            0.00           287    286    141     6.234     6.224     4.416     0.7041      0.7041      0.7035      0.5508
320     C         B           38           THR            0.00           287    286    141     6.234     6.224     4.416     0.6929      0.6929      0.6922      0.5398
321     C         B           39           GLN            0.00           287    286    141     6.234     6.224     4.416     0.6952      0.6952      0.6946      0.5408
322     C         B           40           ARG            0.00           287    286    141     6.234     6.224     4.416     0.5335      0.5335      0.5328      0.3753
323     C         B           41           PHE            0.00           287    286    141     6.234     6.224     4.416     0.5130      0.5130      0.5123      0.3559
324     C         B           42           PHE            0.00           287    286    141     6.234     6.224     4.416     0.5414      0.5414      0.5407      0.3810
325     C         B           43           GLU            0.00           287    286    135     6.234     6.224     4.316     0.4082      0.4144      0.4137      0.2603
326     C         B           44           SER            0.00           287    286    141     6.234     6.224     4.416     0.4442      0.4442      0.4435      0.2927
327     C         B           45           PHE            0.00           287    286    141     6.234     6.224     4.416     0.4946      0.4946      0.4939      0.3362
328     C         B           46           GLY            0.00           287    286    122     6.234     6.224     4.087     0.3753      0.3927      0.3920      0.2220
329     C         B           47           ASP            0.00           287    286    141     6.234     6.224     4.416     0.4719      0.4719      0.4712      0.3136
330     C         B           48           LEU            0.00           287    286    141     6.234     6.224     4.416     0.5416      0.5416      0.5408      0.3789
331     C         B           49           SER            0.00           287    286    141     6.234     6.224     4.416     0.4665      0.4665      0.4657      0.3116
332     C         B           50           THR            0.00           287    286    141     6.234     6.224     4.416     0.5667      0.5667      0.5659      0.4030
333     C         B           51           PRO            0.00           287    286    141     6.234     6.224     4.416     0.6308      0.6308      0.6301      0.4678
334     C         B           52           ASP            0.00           287    286    141     6.234     6.224     4.416     0.5982      0.5982      0.5974      0.4323
335     C         B           53           ALA            0.00           287    286    141     6.234     6.224     4.416     0.6366      0.6366      0.6359      0.4733
336     C         B           54           VAL            0.00           287    286    141     6.234     6.224     4.416     0.6698      0.6698      0.6692      0.5109
337     C         B           55           MET            0.00           287    286    141     6.234     6.224     4.416     0.6392      0.6392      0.6385      0.4768
338     C         B           56           GLY            0.00           287    286    141     6.234     6.224     4.416     0.5695      0.5695      0.5688      0.4034
339     C         B           57           ASN            0.00           287    286    141     6.234     6.224     4.416     0.6088      0.6088      0.6081      0.4428
340     C         B           58           PRO            0.00           287    286    141     6.234     6.224     4.416     0.4977      0.4977      0.4969      0.3365
341     C         B           59           LYS            0.00           287    286    141     6.234     6.224     4.416     0.6113      0.6113      0.6106      0.4456
342     C         B           60           VAL            0.00           287    286    141     6.234     6.224     4.416     0.6115      0.6115      0.6108      0.4471
343     C         B           61           LYS            0.00           287    286    141     6.234     6.224     4.416     0.5838      0.5838      0.5830      0.4184
344     C         B           62           ALA            0.00           287    286    141     6.234     6.224     4.416     0.5490      0.5490      0.5482      0.3839
345     C         B           63           HIS            0.00           287    286    141     6.234     6.224     4.416     0.5574      0.5574      0.5567      0.3921
346     C         B           64           GLY            0.00           287    286    141     6.234     6.224     4.416     0.4814      0.4814      0.4807      0.3224
347     C         B           65           LYS            0.00           287    286    141     6.234     6.224     4.416     0.5178      0.5178      0.5170      0.3550
348     C         B           66           LYS            0.00           287    286    141     6.234     6.224     4.416     0.4633      0.4633      0.4626      0.3062
349     C         B           67           VAL            0.00           287    286    139     6.234     6.224     4.383     0.3924      0.3940      0.3933      0.2466
350     C         B           68           LEU            0.00           287    286    135     6.234     6.224     4.316     0.3971      0.4027      0.4020      0.2490
351     C         B           69           GLY            0.00           287    286    141     6.234     6.224     4.416     0.4359      0.4359      0.4351      0.2830
352     C         B           70           ALA            0.00           287    286    141     6.234     6.224     4.416     0.4042      0.4042      0.4035      0.2575
353     C         B           71           PHE            0.00           287    286    135     6.234     6.224     4.316     0.3857      0.3907      0.3900      0.2383
354     C         B           72           SER            0.00           287    286    141     6.234     6.224     4.416     0.4873      0.4873      0.4866      0.3276
355     C         B           73           ASP            0.00           287    286    139     6.234     6.224     4.383     0.3887      0.3903      0.3896      0.2430
356     C         B           74           GLY            0.00           287    286    125     6.234     6.224     4.141     0.3560      0.3676      0.3669      0.2066
357     C         B           75           LEU            0.00           287    286    140     6.234     6.224     4.400     0.4009      0.4018      0.4010      0.2539
358     C         B           76           ALA            0.00           287    286    116     6.234     6.224     3.975     0.3376      0.3538      0.3530      0.1840
359     C         B           77           HIS            0.00           287    286    135     6.234     6.224     4.316     0.3516      0.3551      0.3543      0.2102
360     C         B           78           LEU            0.00           287    286     58     6.234     6.224     2.544     0.2790      0.3263      0.3256      0.0755
361     C         B           79           ASP            0.00           287    286     28     6.234     6.224     1.116     0.2462      0.3276      0.3269      0.0156
362     C         B           80           ASN            0.00           287    286     64     6.234     6.224     2.738     0.2856      0.3408      0.3401      0.0926
363     C         B           81           LEU            0.00           287    286    106     6.234     6.224     3.777     0.3255      0.3461      0.3454      0.1645
364     C         B           82           LYS            0.00           287    286     76     6.234     6.224     3.081     0.2913      0.3248      0.3241      0.1060
365     C         B           83           GLY            0.00           287    286     21     6.234     6.224     1.000     0.2386      0.3239      0.3232      0.0124
366     C         B           84           THR            0.00           287    286     21     6.234     6.224     1.000     0.2351      0.3347      0.3340      0.0130
367     C         B           85           PHE            0.00           287    286     45     6.234     6.224     2.053     0.2607      0.3411      0.3404      0.0545
368     C         B           86           ALA            0.00           287    286     34     6.234     6.224     1.509     0.2532      0.3361      0.3354      0.0295
369     C         B           87           THR            0.00           287    286     14     6.234     6.224     1.000     0.2079      0.3395      0.3388      0.0133
370     C         B           88           LEU            0.00           287    286     47     6.234     6.224     2.137     0.2770      0.3606      0.3599      0.0647
371     C         B           89           SER            0.00           287    286     15     6.234     6.224     1.000     0.2070      0.3484      0.3477      0.0138
372     C         B           90           GLU            0.00           287    286     23     6.234     6.224     1.000     0.2319      0.3424      0.3417      0.0137
373     C         B           91           LEU            0.00           287    286     40     6.234     6.224     1.826     0.2672      0.3759      0.3751      0.0520
374     C         B           92           HIS            0.00           287    286     24     6.234     6.224     1.000     0.2362      0.3537      0.3530      0.0144
375     C         B           93           CYS            0.00           287    286     15     6.234     6.224     1.000     0.2020      0.3807      0.3799      0.0168
376     C         B           94           ASP            0.00           287    286     18     6.234     6.224     1.000     0.2109      0.3697      0.3690      0.0155
377     C         B           95           LYS            0.00           287    286     10     6.234     6.224     1.000     0.1868      0.3910      0.3902      0.0172
378     C         B           96           LEU            0.00           287    286     32     6.234     6.224     1.388     0.2482      0.4195      0.4187      0.0391
379     C         B           97           HIS            0.00           287    286     46     6.234     6.224     2.095     0.2777      0.3882      0.3875      0.0720
380     C         B           98           VAL            0.00           287    286    101     6.234     6.224     3.673     0.3725      0.4188      0.4181      0.2145
381     C         B           99           ASP            0.00           287    286    141     6.234     6.224     4.416     0.4390      0.4390      0.4382      0.2905
382     C         B          100           PRO            0.00           287    286    109     6.234     6.224     3.838     0.3688      0.4007      0.3999      0.2134
383     C         B          101           GLU            0.00           287    286    141     6.234     6.224     4.416     0.4797      0.4797      0.4789      0.3216
384     C         B          102           ASN            0.00           287    286    141     6.234     6.224     4.416     0.5575      0.5575      0.5567      0.3946
385     C         B          103           PHE            0.00           287    286    141     6.234     6.224     4.416     0.5252      0.5252      0.5244      0.3647
386     C         B          104           ARG            0.00           287    286    141     6.234     6.224     4.416     0.5907      0.5907      0.5899      0.4250
387     C         B          105           LEU            0.00           287    286    141     6.234     6.224     4.416     0.6562      0.6562      0.6555      0.4949
388     C         B          106           LEU            0.00           287    286    141     6.234     6.224     4.416     0.6696      0.6696      0.6689      0.5101
389     C         B          107           GLY            0.00           287    286    141     6.234     6.224     4.416     0.6524      0.6524      0.6517      0.4914
390     C         B          108           ASN            0.00           287    286    141     6.234     6.224     4.416     0.6499      0.6499      0.6492      0.4885
391     C         B          109           VAL            0.00           287    286    141     6.234     6.224     4.416     0.7216      0.7216      0.7209      0.5704
392     C         B          110           LEU            0.00           287    286    141     6.234     6.224     4.416     0.7199      0.7199      0.7193      0.5683
393     C         B          111           VAL            0.00           287    286    141     6.234     6.224     4.416     0.6883      0.6883      0.6876      0.5302
394     C         B          112           CYS            0.00           287    286    141     6.234     6.224     4.416     0.6694      0.6694      0.6687      0.5085
395     C         B          113           VAL            0.00           287    286    141     6.234     6.224     4.416     0.7411      0.7411      0.7405      0.5937
396     C         B          114           LEU            0.00           287    286    141     6.234     6.224     4.416     0.6888      0.6888      0.6881      0.5313
397     C         B          115           ALA            0.00           287    286    141     6.234     6.224     4.416     0.6523      0.6523      0.6516      0.4887
398     C         B          116           HIS            0.00           287    286    141     6.234     6.224     4.416     0.6689      0.6689      0.6682      0.5074
399     C         B          117           HIS            0.00           287    286    141     6.234     6.224     4.416     0.6423      0.6423      0.6416      0.4777
400     C         B          118           PHE            0.00           287    286    141     6.234     6.224     4.416     0.6357      0.6357      0.6350      0.4714
401     C         B          119           GLY            0.00           287    286    141     6.234     6.224     4.416     0.4378      0.4378      0.4370      0.2840
402     C         B          120           LYS            0.00           287    286    117     6.234     6.224     3.994     0.3382      0.3537      0.3530      0.1851
403     C         B          121           GLU            0.00           287    286    141     6.234     6.224     4.416     0.4894      0.4894      0.4886      0.3277
404     C         B          122           PHE            0.00           287    286    141     6.234     6.224     4.416     0.6230      0.6230      0.6222      0.4565
405     C         B          123           THR            0.00           287    286    141     6.234     6.224     4.416     0.6531      0.6531      0.6524      0.4888
406     C         B          124           PRO            0.00           287    286    141     6.234     6.224     4.416     0.6165      0.6165      0.6158      0.4491
407     C         B          125           PRO            0.00           287    286    141     6.234     6.224     4.416     0.6138      0.6138      0.6131      0.4466
408     C         B          126           VAL            0.00           287    286    141     6.234     6.224     4.416     0.7091      0.7091      0.7085      0.5539
409     C         B          127           GLN            0.00           287    286    141     6.234     6.224     4.416     0.6734      0.6734      0.6727      0.5122
410     C         B          128           ALA            0.00           287    286    141     6.234     6.224     4.416     0.6746      0.6746      0.6739      0.5131
411     C         B          129           ALA            0.00           287    286    141     6.234     6.224     4.416     0.6682      0.6682      0.6675      0.5068
412     C         B          130           TYR            0.00           287    286    141     6.234     6.224     4.416     0.7285      0.7285      0.7278      0.5776
413     C         B          131           GLN            0.00           287    286    141     6.234     6.224     4.416     0.6349      0.6349      0.6342      0.4702
414     C         B          132           LYS            0.00           287    286    141     6.234     6.224     4.416     0.6590      0.6590      0.6583      0.4964
415     C         B          133           VAL            0.00           287    286    141     6.234     6.224     4.416     0.6384      0.6384      0.6377      0.4757
416     C         B          134           VAL            0.00           287    286    141     6.234     6.224     4.416     0.6180      0.6180      0.6172      0.4535
417     C         B          135           ALA            0.00           287    286    141     6.234     6.224     4.416     0.5871      0.5871      0.5864      0.4206
418     C         B          136           GLY            0.00           287    286    141     6.234     6.224     4.416     0.5810      0.5810      0.5803      0.4149
419     C         B          137           VAL            0.00           287    286    141     6.234     6.224     4.416     0.5816      0.5816      0.5808      0.4173
420     C         B          138           ALA            0.00           287    286    141     6.234     6.224     4.416     0.5332      0.5332      0.5324      0.3682
421     C         B          139           ASN            0.00           287    286    141     6.234     6.224     4.416     0.5216      0.5216      0.5209      0.3582
422     C         B          140           ALA            0.00           287    286    141     6.234     6.224     4.416     0.4931      0.4931      0.4923      0.3324
423     C         B          141           LEU            0.00           287    286    141     6.234     6.224     4.416     0.4872      0.4872      0.4865      0.3270
424     C         B          142           ALA            0.00           287    286    121     6.234     6.224     4.068     0.3450      0.3588      0.3580      0.1952
425     C         B          143           HIS            0.00           287    286     88     6.234     6.224     3.382     0.3270      0.3723      0.3716      0.1534
426     C         B          144           LYS            0.00           287    286     33     6.234     6.224     1.450     0.2623      0.3647      0.3640      0.0319
427     C         B          145           TYR            0.00           287    286     39     6.234     6.224     1.777     0.2583      0.3387      0.3380      0.0410
428     C         B          146           HIS            0.00           287    286      7     6.234     6.224     1.000     0.1543      0.3545      0.3538      0.0144
283     C         D            1           VAL            0.00           292    281      0     6.283     6.175     1.000     0.1178      0.0000      0.0000      0.0000
284     C         D            2           HIS            0.00           292    281     16     6.283     6.175     1.000     0.2023      0.3488      0.3410      0.0135
285     C         D            3           LEU            0.00           292    281    140     6.283     6.175     4.400     0.3882      0.3932      0.3851      0.2436
286     C         D            4           THR            0.00           292    281    146     6.283     6.175     4.498     0.4711      0.4711      0.4626      0.3159
287     C         D            5           PRO            0.00           292    281    146     6.283     6.175     4.498     0.4303      0.4303      0.4219      0.2811
288     C         D            6           GLU            0.00           292    281    145     6.283     6.175     4.482     0.3810      0.3817      0.3736      0.2406
289     C         D            7           GLU            0.00           292    281    146     6.283     6.175     4.498     0.4112      0.4112      0.4029      0.2656
290     C         D            8           LYS            0.00           292    281    146     6.283     6.175     4.498     0.4755      0.4755      0.4670      0.3197
291     C         D            9           SER            0.00           292    281    146     6.283     6.175     4.498     0.4014      0.4014      0.3932      0.2576
292     C         D           10           ALA            0.00           292    281    146     6.283     6.175     4.498     0.4092      0.4092      0.4010      0.2641
293     C         D           11           VAL            0.00           292    281    146     6.283     6.175     4.498     0.4567      0.4567      0.4482      0.3034
294     C         D           12           THR            0.00           292    281    146     6.283     6.175     4.498     0.5014      0.5014      0.4929      0.3425
295     C         D           13           ALA            0.00           292    281    146     6.283     6.175     4.498     0.4544      0.4544      0.4459      0.3010
296     C         D           14           LEU            0.00           292    281    146     6.283     6.175     4.498     0.4917      0.4917      0.4832      0.3336
297     C         D           15           TRP            0.00           292    281    146     6.283     6.175     4.498     0.5092      0.5092      0.5006      0.3491
298     C         D           16           GLY            0.00           292    281    146     6.283     6.175     4.498     0.5024      0.5024      0.4938      0.3427
299     C         D           17           LYS            0.00           292    281    146     6.283     6.175     4.498     0.4229      0.4229      0.4145      0.2745
300     C         D           18           VAL            0.00           292    281     84     6.283     6.175     3.286     0.3008      0.3301      0.3225      0.1193
301     C         D           19           ASN            0.00           292    281      0     6.283     6.175     1.000     0.2069      0.0000      0.0000      0.0000
302     C         D           20           VAL            0.00           292    281      0     6.283     6.175     1.000     0.1353      0.0000      0.0000      0.0000
303     C         D           21           ASP            0.00           292    281      0     6.283     6.175     1.000     0.1562      0.0000      0.0000      0.0000
304     C         D           22           GLU            0.00           292    281     25     6.283     6.175     1.000     0.2458      0.3048      0.2975      0.0110
305     C         D           23           VAL            0.00           292    281    145     6.283     6.175     4.482     0.3933      0.3941      0.3859      0.2500
306     C         D           24           GLY            0.00           292    281    146     6.283     6.175     4.498     0.4218      0.4218      0.4134      0.2734
307     C         D           25           GLY            0.00           292    281    146     6.283     6.175     4.498     0.4848      0.4848      0.4762      0.3272
308     C         D           26           GLU            0.00           292    281    146     6.283     6.175     4.498     0.5749      0.5749      0.5665      0.4128
309     C         D           27           ALA            0.00           292    281    146     6.283     6.175     4.498     0.5817      0.5817      0.5734      0.4192
310     C         D           28           LEU            0.00           292    281    146     6.283     6.175     4.498     0.5983      0.5983      0.5901      0.4359
311     C         D           29           GLY            0.00           292    281    146     6.283     6.175     4.498     0.5878      0.5878      0.5795      0.4255
312     C         D           30           ARG            0.00           292    281    146     6.283     6.175     4.498     0.6593      0.6593      0.6516      0.5022
313     C         D           31           LEU            0.00           292    281    146     6.283     6.175     4.498     0.6297      0.6297      0.6217      0.4699
314     C         D           32           LEU            0.00           292    281    146     6.283     6.175     4.498     0.6160      0.6160      0.6078      0.4545
315     C         D           33           VAL            0.00           292    281    146     6.283     6.175     4.498     0.6410      0.6410      0.6331      0.4819
316     C         D           34           VAL            0.00           292    281    146     6.283     6.175     4.498     0.6241      0.6241      0.6160      0.4637
317     C         D           35           TYR            0.00           292    281    146     6.283     6.175     4.498     0.6081      0.6081      0.5999      0.4467
318     C         D           36           PRO            0.00           292    281    146     6.283     6.175     4.498     0.5543      0.5543      0.5458      0.3928
319     C         D           37           TRP            0.00           292    281    146     6.283     6.175     4.498     0.5764      0.5764      0.5680      0.4148
320     C         D           38           THR            0.00           292    281    146     6.283     6.175     4.498     0.5596      0.5596      0.5512      0.3972
321     C         D           39           GLN            0.00           292    281    146     6.283     6.175     4.498     0.5853      0.5853      0.5769      0.4231
322     C         D           40           ARG            0.00           292    281    137     6.283     6.175     4.350     0.3582      0.3637      0.3558      0.2165
323     C         D           41           PHE            0.00           292    281    134     6.283     6.175     4.299     0.3473      0.3537      0.3458      0.2049
324     C         D           42           PHE            0.00           292    281    146     6.283     6.175     4.498     0.4030      0.4030      0.3947      0.2583
325     C         D           43           GLU            0.00           292    281    133     6.283     6.175     4.282     0.3562      0.3648      0.3568      0.2119
326     C         D           44           SER            0.00           292    281     75     6.283     6.175     3.054     0.2931      0.3314      0.3238      0.1053
327     C         D           45           PHE            0.00           292    281    143     6.283     6.175     4.449     0.3552      0.3569      0.3490      0.2186
328     C         D           46           GLY            0.00           292    281     61     6.283     6.175     2.643     0.2769      0.3185      0.3110      0.0766
329     C         D           47           ASP            0.00           292    281    146     6.283     6.175     4.498     0.3711      0.3711      0.3631      0.2330
330     C         D           48           LEU            0.00           292    281    146     6.283     6.175     4.498     0.4145      0.4145      0.4062      0.2673
331     C         D           49           SER            0.00           292    281    122     6.283     6.175     4.087     0.3250      0.3353      0.3277      0.1767
332     C         D           50           THR            0.00           292    281    146     6.283     6.175     4.498     0.4230      0.4230      0.4146      0.2745
333     C         D           51           PRO            0.00           292    281    146     6.283     6.175     4.498     0.4956      0.4956      0.4870      0.3368
334     C         D           52           ASP            0.00           292    281    146     6.283     6.175     4.498     0.4844      0.4844      0.4758      0.3268
335     C         D           53           ALA            0.00           292    281    146     6.283     6.175     4.498     0.5041      0.5041      0.4955      0.3444
336     C         D           54           VAL            0.00           292    281    146     6.283     6.175     4.498     0.5420      0.5420      0.5335      0.3797
337     C         D           55           MET            0.00           292    281    146     6.283     6.175     4.498     0.5222      0.5222      0.5137      0.3609
338     C         D           56           GLY            0.00           292    281    146     6.283     6.175     4.498     0.4637      0.4637      0.4552      0.3088
339     C         D           57           ASN            0.00           292    281    146     6.283     6.175     4.498     0.5036      0.5036      0.4950      0.3438
340     C         D           58           PRO            0.00           292    281    146     6.283     6.175     4.498     0.4041      0.4041      0.3959      0.2591
341     C         D           59           LYS            0.00           292    281    146     6.283     6.175     4.498     0.5329      0.5329      0.5243      0.3711
342     C         D           60           VAL            0.00           292    281    146     6.283     6.175     4.498     0.5087      0.5087      0.5001      0.3484
343     C         D           61           LYS            0.00           292    281    146     6.283     6.175     4.498     0.4692      0.4692      0.4606      0.3132
344     C         D           62           ALA            0.00           292    281    146     6.283     6.175     4.498     0.4709      0.4709      0.4623      0.3150
345     C         D           63           HIS            0.00           292    281    146     6.283     6.175     4.498     0.4938      0.4938      0.4852      0.3350
346     C         D           64           GLY            0.00           292    281    146     6.283     6.175     4.498     0.3983      0.3983      0.3901      0.2544
347     C         D           65           LYS            0.00           292    281    146     6.283     6.175     4.498     0.4278      0.4278      0.4194      0.2782
348     C         D           66           LYS            0.00           292    281    146     6.283     6.175     4.498     0.4034      0.4034      0.3951      0.2586
349     C         D           67           VAL            0.00           292    281    131     6.283     6.175     4.247     0.3446      0.3531      0.3452      0.2005
350     C         D           68           LEU            0.00           292    281    105     6.283     6.175     3.757     0.3143      0.3353      0.3276      0.1534
351     C         D           69           GLY            0.00           292    281    146     6.283     6.175     4.498     0.3890      0.3890      0.3809      0.2473
352     C         D           70           ALA            0.00           292    281    141     6.283     6.175     4.416     0.3771      0.3807      0.3726      0.2344
353     C         D           71           PHE            0.00           292    281    128     6.283     6.175     4.195     0.3451      0.3556      0.3477      0.1983
354     C         D           72           SER            0.00           292    281    146     6.283     6.175     4.498     0.4009      0.4009      0.3927      0.2567
355     C         D           73           ASP            0.00           292    281    139     6.283     6.175     4.383     0.3688      0.3735      0.3655      0.2262
356     C         D           74           GLY            0.00           292    281    121     6.283     6.175     4.068     0.3362      0.3513      0.3435      0.1859
357     C         D           75           LEU            0.00           292    281    134     6.283     6.175     4.299     0.3587      0.3662      0.3582      0.2139
358     C         D           76           ALA            0.00           292    281     90     6.283     6.175     3.429     0.3004      0.3283      0.3207      0.1275
359     C         D           77           HIS            0.00           292    281    137     6.283     6.175     4.350     0.3763      0.3831      0.3750      0.2308
360     C         D           78           LEU            0.00           292    281     89     6.283     6.175     3.406     0.3018      0.3340      0.3263      0.1291
361     C         D           79           ASP            0.00           292    281     64     6.283     6.175     2.738     0.2787      0.3330      0.3253      0.0871
362     C         D           80           ASN            0.00           292    281     29     6.283     6.175     1.189     0.2409      0.3034      0.2961      0.0154
363     C         D           81           LEU            0.00           292    281    109     6.283     6.175     3.838     0.3223      0.3447      0.3370      0.1650
364     C         D           82           LYS            0.00           292    281     95     6.283     6.175     3.543     0.3032      0.3328      0.3252      0.1377
365     C         D           83           GLY            0.00           292    281     43     6.283     6.175     1.965     0.2610      0.3214      0.3139      0.0445
366     C         D           84           THR            0.00           292    281     11     6.283     6.175     1.000     0.2245      0.3005      0.2932      0.0108
367     C         D           85           PHE            0.00           292    281     18     6.283     6.175     1.000     0.2294      0.2997      0.2925      0.0107
368     C         D           86           ALA            0.00           292    281     22     6.283     6.175     1.000     0.2348      0.2974      0.2902      0.0106
369     C         D           87           THR            0.00           292    281      1     6.283     6.175     1.000     0.1810      0.2843      0.2772      0.0100
370     C         D           88           LEU            0.00           292    281      8     6.283     6.175     1.000     0.2243      0.2945      0.2873      0.0105
371     C         D           89           SER            0.00           292    281      0     6.283     6.175     1.000     0.1800      0.0000      0.0000      0.0000
372     C         D           90           GLU            0.00           292    281      5     6.283     6.175     1.000     0.2168      0.2988      0.2915      0.0107
373     C         D           91           LEU            0.00           292    281      2     6.283     6.175     1.000     0.2100      0.2895      0.2823      0.0102
374     C         D           92           HIS            0.00           292    281      0     6.283     6.175     1.000     0.1950      0.0000      0.0000      0.0000
375     C         D           93           CYS            0.00           292    281      0     6.283     6.175     1.000     0.1630      0.0000      0.0000      0.0000
376     C         D           94           ASP            0.00           292    281      0     6.283     6.175     1.000     0.1806      0.0000      0.0000      0.0000
377     C         D           95           LYS            0.00           292    281      0     6.283     6.175     1.000     0.1461      0.0000      0.0000      0.0000
378     C         D           96           LEU            0.00           292    281      0     6.283     6.175     1.000     0.1658      0.0000      0.0000      0.0000
379     C         D           97           HIS            0.00           292    281      0     6.283     6.175     1.000     0.1995      0.0000      0.0000      0.0000
380     C         D           98           VAL            0.00           292    281     55     6.283     6.175     2.441     0.2722      0.3218      0.3143      0.0672
381     C         D           99           ASP            0.00           292    281    135     6.283     6.175     4.316     0.3482      0.3542      0.3464      0.2065
382     C         D          100           PRO            0.00           292    281     61     6.283     6.175     2.643     0.2799      0.3197      0.3122      0.0770
383     C         D          101           GLU            0.00           292    281    146     6.283     6.175     4.498     0.4046      0.4046      0.3964      0.2597
384     C         D          102           ASN            0.00           292    281    146     6.283     6.175     4.498     0.4410      0.4410      0.4325      0.2896
385     C         D          103           PHE            0.00           292    281    146     6.283     6.175     4.498     0.4165      0.4165      0.4082      0.2693
386     C         D          104           ARG            0.00           292    281    146     6.283     6.175     4.498     0.5076      0.5076      0.4990      0.3478
387     C         D          105           LEU            0.00           292    281    146     6.283     6.175     4.498     0.5861      0.5861      0.5778      0.4237
388     C         D          106           LEU            0.00           292    281    146     6.283     6.175     4.498     0.5679      0.5679      0.5595      0.4056
389     C         D          107           GLY            0.00           292    281    146     6.283     6.175     4.498     0.5702      0.5702      0.5618      0.4079
390     C         D          108           ASN            0.00           292    281    146     6.283     6.175     4.498     0.5909      0.5909      0.5826      0.4292
391     C         D          109           VAL            0.00           292    281    146     6.283     6.175     4.498     0.6513      0.6513      0.6435      0.4939
392     C         D          110           LEU            0.00           292    281    146     6.283     6.175     4.498     0.6259      0.6259      0.6180      0.4658
393     C         D          111           VAL            0.00           292    281    146     6.283     6.175     4.498     0.6247      0.6247      0.6167      0.4642
394     C         D          112           CYS            0.00           292    281    146     6.283     6.175     4.498     0.6468      0.6468      0.6389      0.4877
395     C         D          113           VAL            0.00           292    281    146     6.283     6.175     4.498     0.6611      0.6611      0.6535      0.5047
396     C         D          114           LEU            0.00           292    281    146     6.283     6.175     4.498     0.6036      0.6036      0.5954      0.4420
397     C         D          115           ALA            0.00           292    281    146     6.283     6.175     4.498     0.6011      0.6011      0.5928      0.4387
398     C         D          116           HIS            0.00           292    281    146     6.283     6.175     4.498     0.6417      0.6417      0.6338      0.4821
399     C         D          117           HIS            0.00           292    281    146     6.283     6.175     4.498     0.5683      0.5683      0.5599      0.4058
400     C         D          118           PHE            0.00           292    281    146     6.283     6.175     4.498     0.5631      0.5631      0.5546      0.4004
401     C         D          119           GLY            0.00           292    281    146     6.283     6.175     4.498     0.4041      0.4041      0.3959      0.2599
402     C         D          120           LYS            0.00           292    281    104     6.283     6.175     3.736     0.3240      0.3486      0.3408      0.1602
403     C         D          121           GLU            0.00           292    281    146     6.283     6.175     4.498     0.4938      0.4938      0.4852      0.3353
404     C         D          122           PHE            0.00           292    281    146     6.283     6.175     4.498     0.6109      0.6109      0.6027      0.4492
405     C         D          123           THR            0.00           292    281    146     6.283     6.175     4.498     0.6325      0.6325      0.6246      0.4732
406     C         D          124           PRO            0.00           292    281    146     6.283     6.175     4.498     0.6123      0.6123      0.6042      0.4508
407     C         D          125           PRO            0.00           292    281    146     6.283     6.175     4.498     0.5877      0.5877      0.5794      0.4258
408     C         D          126           VAL            0.00           292    281    146     6.283     6.175     4.498     0.6446      0.6446      0.6367      0.4856
409     C         D          127           GLN            0.00           292    281    146     6.283     6.175     4.498     0.6600      0.6600      0.6523      0.5030
410     C         D          128           ALA            0.00           292    281    146     6.283     6.175     4.498     0.6586      0.6586      0.6509      0.5012
411     C         D          129           ALA            0.00           292    281    146     6.283     6.175     4.498     0.6255      0.6255      0.6175      0.4648
412     C         D          130           TYR            0.00           292    281    146     6.283     6.175     4.498     0.6598      0.6598      0.6521      0.5026
413     C         D          131           GLN            0.00           292    281    146     6.283     6.175     4.498     0.6232      0.6232      0.6152      0.4627
414     C         D          132           LYS            0.00           292    281    146     6.283     6.175     4.498     0.6150      0.6150      0.6069      0.4543
415     C         D          133           VAL            0.00           292    281    146     6.283     6.175     4.498     0.5818      0.5818      0.5735      0.4192
416     C         D          134           VAL            0.00           292    281    146     6.283     6.175     4.498     0.5519      0.5519      0.5434      0.3897
417     C         D          135           ALA            0.00           292    281    146     6.283     6.175     4.498     0.5684      0.5684      0.5600      0.4061
418     C         D          136           GLY            0.00           292    281    146     6.283     6.175     4.498     0.5467      0.5467      0.5382      0.3852
419     C         D          137           VAL            0.00           292    281    146     6.283     6.175     4.498     0.5132      0.5132      0.5047      0.3529
420     C         D          138           ALA            0.00           292    281    146     6.283     6.175     4.498     0.4898      0.4898      0.4812      0.3317
421     C         D          139           ASN            0.00           292    281    146     6.283     6.175     4.498     0.4920      0.4920      0.4834      0.3345
422     C         D          140           ALA            0.00           292    281    146     6.283     6.175     4.498     0.4796      0.4796      0.4711      0.3233
423     C         D          141           LEU            0.00           292    281    146     6.283     6.175     4.498     0.4307      0.4307      0.4223      0.2811
424     C         D          142           ALA            0.00           292    281    105     6.283     6.175     3.757     0.3153      0.3417      0.3340      0.1575
425     C         D          143           HIS            0.00           292    281     79     6.283     6.175     3.160     0.2983      0.3447      0.3369      0.1186
426     C         D          144           LYS            0.00           292    281     47     6.283     6.175     2.137     0.2655      0.3329      0.3253      0.0551
427     C         D          145           TYR            0.00           292    281     39     6.283     6.175     1.777     0.2439      0.3187      0.3113      0.0363
428     C         D          146           HIS            0.00           292    281      2     6.283     6.175     1.000     0.1489      0.3939      0.3857      0.0167
429     D         A            1           VAL            0.00           287    286      0     6.234     6.224     1.000     0.0791      0.0000      0.0000      0.0000
430     D         A            2           HIS            0.00           287    286      2     6.234     6.224     1.000     0.1427      0.3167      0.3160      0.0118
431     D         A            3           LEU            0.00           287    286    120     6.234     6.224     4.050     0.3276      0.3382      0.3375      0.1785
432     D         A            4           THR            0.00           287    286    141     6.234     6.224     4.416     0.4350      0.4350      0.4342      0.2799
433     D         A            5           PRO            0.00           287    286    140     6.234     6.224     4.400     0.3490      0.3495      0.3488      0.2121
434     D         A            6           GLU            0.00           287    286    139     6.234     6.224     4.383     0.3571      0.3582      0.3575      0.2174
435     D         A            7           GLU            0.00           287    286    141     6.234     6.224     4.416     0.3690      0.3690      0.3683      0.2282
436     D         A            8           LYS            0.00           287    286    141     6.234     6.224     4.416     0.4447      0.4447      0.4439      0.2885
437     D         A            9           SER            0.00           287    286    138     6.234     6.224     4.367     0.3541      0.3558      0.3551      0.2143
438     D         A           10           ALA            0.00           287    286    141     6.234     6.224     4.416     0.3970      0.3970      0.3963      0.2509
439     D         A           11           VAL            0.00           287    286    141     6.234     6.224     4.416     0.4466      0.4466      0.4458      0.2905
440     D         A           12           THR            0.00           287    286    141     6.234     6.224     4.416     0.4634      0.4634      0.4626      0.3041
441     D         A           13           ALA            0.00           287    286    141     6.234     6.224     4.416     0.4214      0.4214      0.4207      0.2694
442     D         A           14           LEU            0.00           287    286    141     6.234     6.224     4.416     0.5242      0.5242      0.5235      0.3589
443     D         A           15           TRP            0.00           287    286    141     6.234     6.224     4.416     0.5152      0.5152      0.5144      0.3508
444     D         A           16           GLY            0.00           287    286    141     6.234     6.224     4.416     0.4776      0.4776      0.4768      0.3166
445     D         A           17           LYS            0.00           287    286    141     6.234     6.224     4.416     0.4452      0.4452      0.4444      0.2897
446     D         A           18           VAL            0.00           287    286    105     6.234     6.224     3.757     0.3226      0.3442      0.3435      0.1616
447     D         A           19           ASN            0.00           287    286     22     6.234     6.224     1.000     0.2336      0.3280      0.3273      0.0125
448     D         A           20           VAL            0.00           287    286      4     6.234     6.224     1.000     0.1585      0.3060      0.3053      0.0112
449     D         A           21           ASP            0.00           287    286     10     6.234     6.224     1.000     0.1848      0.3043      0.3036      0.0112
450     D         A           22           GLU            0.00           287    286     71     6.234     6.224     2.944     0.3059      0.3593      0.3586      0.1133
451     D         A           23           VAL            0.00           287    286    141     6.234     6.224     4.416     0.5070      0.5070      0.5063      0.3463
452     D         A           24           GLY            0.00           287    286    141     6.234     6.224     4.416     0.5299      0.5299      0.5292      0.3661
453     D         A           25           GLY            0.00           287    286    141     6.234     6.224     4.416     0.5852      0.5852      0.5845      0.4195
454     D         A           26           GLU            0.00           287    286    141     6.234     6.224     4.416     0.6616      0.6616      0.6609      0.5003
455     D         A           27           ALA            0.00           287    286    141     6.234     6.224     4.416     0.6936      0.6936      0.6930      0.5372
456     D         A           28           LEU            0.00           287    286    141     6.234     6.224     4.416     0.7099      0.7099      0.7093      0.5568
457     D         A           29           GLY            0.00           287    286    141     6.234     6.224     4.416     0.6953      0.6953      0.6947      0.5399
458     D         A           30           ARG            0.00           287    286    141     6.234     6.224     4.416     0.7516      0.7516      0.7510      0.6072
459     D         A           31           LEU            0.00           287    286    141     6.234     6.224     4.416     0.7346      0.7346      0.7340      0.5870
460     D         A           32           LEU            0.00           287    286    141     6.234     6.224     4.416     0.7171      0.7171      0.7165      0.5654
461     D         A           33           VAL            0.00           287    286    141     6.234     6.224     4.416     0.7435      0.7435      0.7430      0.5983
462     D         A           34           VAL            0.00           287    286    141     6.234     6.224     4.416     0.7159      0.7159      0.7153      0.5650
463     D         A           35           TYR            0.00           287    286    141     6.234     6.224     4.416     0.7169      0.7169      0.7163      0.5653
464     D         A           36           PRO            0.00           287    286    141     6.234     6.224     4.416     0.6598      0.6598      0.6591      0.5012
465     D         A           37           TRP            0.00           287    286    141     6.234     6.224     4.416     0.7054      0.7054      0.7048      0.5519
466     D         A           38           THR            0.00           287    286    141     6.234     6.224     4.416     0.6758      0.6758      0.6751      0.5200
467     D         A           39           GLN            0.00           287    286    141     6.234     6.224     4.416     0.6855      0.6855      0.6848      0.5292
468     D         A           40           ARG            0.00           287    286    141     6.234     6.224     4.416     0.5301      0.5301      0.5293      0.3717
469     D         A           41           PHE            0.00           287    286    141     6.234     6.224     4.416     0.4786      0.4786      0.4778      0.3246
470     D         A           42           PHE            0.00           287    286    141     6.234     6.224     4.416     0.5140      0.5140      0.5132      0.3549
471     D         A           43           GLU            0.00           287    286    136     6.234     6.224     4.333     0.4066      0.4115      0.4108      0.2588
472     D         A           44           SER            0.00           287    286    141     6.234     6.224     4.416     0.4396      0.4396      0.4388      0.2885
473     D         A           45           PHE            0.00           287    286    141     6.234     6.224     4.416     0.4806      0.4806      0.4798      0.3231
474     D         A           46           GLY            0.00           287    286    108     6.234     6.224     3.818     0.3556      0.3848      0.3840      0.1940
475     D         A           47           ASP            0.00           287    286    141     6.234     6.224     4.416     0.4548      0.4548      0.4540      0.2985
476     D         A           48           LEU            0.00           287    286    141     6.234     6.224     4.416     0.5314      0.5314      0.5306      0.3684
477     D         A           49           SER            0.00           287    286    139     6.234     6.224     4.383     0.4372      0.4395      0.4388      0.2850
478     D         A           50           THR            0.00           287    286    141     6.234     6.224     4.416     0.5427      0.5427      0.5419      0.3789
479     D         A           51           PRO            0.00           287    286    141     6.234     6.224     4.416     0.6233      0.6233      0.6226      0.4597
480     D         A           52           ASP            0.00           287    286    141     6.234     6.224     4.416     0.5893      0.5893      0.5886      0.4230
481     D         A           53           ALA            0.00           287    286    141     6.234     6.224     4.416     0.6250      0.6250      0.6243      0.4604
482     D         A           54           VAL            0.00           287    286    141     6.234     6.224     4.416     0.6520      0.6520      0.6513      0.4899
483     D         A           55           MET            0.00           287    286    141     6.234     6.224     4.416     0.6265      0.6265      0.6258      0.4624
484     D         A           56           GLY            0.00           287    286    141     6.234     6.224     4.416     0.5485      0.5485      0.5477      0.3826
485     D         A           57           ASN            0.00           287    286    141     6.234     6.224     4.416     0.5985      0.5985      0.5978      0.4319
486     D         A           58           PRO            0.00           287    286    141     6.234     6.224     4.416     0.4700      0.4700      0.4692      0.3120
487     D         A           59           LYS            0.00           287    286    141     6.234     6.224     4.416     0.6042      0.6042      0.6034      0.4378
488     D         A           60           VAL            0.00           287    286    141     6.234     6.224     4.416     0.6033      0.6033      0.6025      0.4378
489     D         A           61           LYS            0.00           287    286    141     6.234     6.224     4.416     0.5523      0.5523      0.5515      0.3871
490     D         A           62           ALA            0.00           287    286    141     6.234     6.224     4.416     0.5286      0.5286      0.5279      0.3646
491     D         A           63           HIS            0.00           287    286    141     6.234     6.224     4.416     0.5540      0.5540      0.5532      0.3883
492     D         A           64           GLY            0.00           287    286    141     6.234     6.224     4.416     0.4727      0.4727      0.4719      0.3147
493     D         A           65           LYS            0.00           287    286    141     6.234     6.224     4.416     0.4928      0.4928      0.4920      0.3320
494     D         A           66           LYS            0.00           287    286    141     6.234     6.224     4.416     0.4519      0.4519      0.4511      0.2962
495     D         A           67           VAL            0.00           287    286    138     6.234     6.224     4.367     0.3877      0.3902      0.3895      0.2421
496     D         A           68           LEU            0.00           287    286    127     6.234     6.224     4.177     0.3832      0.3959      0.3952      0.2317
497     D         A           69           GLY            0.00           287    286    141     6.234     6.224     4.416     0.4145      0.4145      0.4138      0.2653
498     D         A           70           ALA            0.00           287    286    138     6.234     6.224     4.367     0.3859      0.3883      0.3876      0.2405
499     D         A           71           PHE            0.00           287    286    128     6.234     6.224     4.195     0.3674      0.3775      0.3768      0.2181
500     D         A           72           SER            0.00           287    286    141     6.234     6.224     4.416     0.4755      0.4755      0.4747      0.3169
501     D         A           73           ASP            0.00           287    286    135     6.234     6.224     4.316     0.3715      0.3759      0.3751      0.2262
502     D         A           74           GLY            0.00           287    286    112     6.234     6.224     3.897     0.3373      0.3564      0.3557      0.1800
503     D         A           75           LEU            0.00           287    286    140     6.234     6.224     4.400     0.3896      0.3904      0.3896      0.2446
504     D         A           76           ALA            0.00           287    286     94     6.234     6.224     3.521     0.3158      0.3438      0.3431      0.1448
505     D         A           77           HIS            0.00           287    286    128     6.234     6.224     4.195     0.3369      0.3438      0.3431      0.1930
506     D         A           78           LEU            0.00           287    286     38     6.234     6.224     1.726     0.2612      0.3192      0.3185      0.0352
507     D         A           79           ASP            0.00           287    286     22     6.234     6.224     1.000     0.2344      0.3178      0.3171      0.0120
508     D         A           80           ASN            0.00           287    286     46     6.234     6.224     2.095     0.2712      0.3491      0.3484      0.0587
509     D         A           81           LEU            0.00           287    286    102     6.234     6.224     3.694     0.3190      0.3423      0.3416      0.1564
510     D         A           82           LYS            0.00           287    286     62     6.234     6.224     2.675     0.2813      0.3238      0.3231      0.0818
511     D         A           83           GLY            0.00           287    286     19     6.234     6.224     1.000     0.2324      0.3296      0.3289      0.0127
512     D         A           84           THR            0.00           287    286     16     6.234     6.224     1.000     0.2175      0.3349      0.3342      0.0130
513     D         A           85           PHE            0.00           287    286     34     6.234     6.224     1.509     0.2503      0.3503      0.3496      0.0315
514     D         A           86           ALA            0.00           287    286     27     6.234     6.224     1.039     0.2444      0.3437      0.3430      0.0147
515     D         A           87           THR            0.00           287    286     14     6.234     6.224     1.000     0.2023      0.3289      0.3282      0.0126
516     D         A           88           LEU            0.00           287    286     42     6.234     6.224     1.920     0.2657      0.3614      0.3606      0.0527
517     D         A           89           SER            0.00           287    286     17     6.234     6.224     1.000     0.2038      0.3311      0.3304      0.0127
518     D         A           90           GLU            0.00           287    286     24     6.234     6.224     1.000     0.2327      0.3435      0.3428      0.0136
519     D         A           91           LEU            0.00           287    286     41     6.234     6.224     1.873     0.2703      0.3800      0.3792      0.0552
520     D         A           92           HIS            0.00           287    286     28     6.234     6.224     1.116     0.2357      0.3501      0.3494      0.0174
521     D         A           93           CYS            0.00           287    286     12     6.234     6.224     1.000     0.1878      0.3760      0.3753      0.0163
522     D         A           94           ASP            0.00           287    286     17     6.234     6.224     1.000     0.2044      0.3546      0.3539      0.0144
523     D         A           95           LYS            0.00           287    286     10     6.234     6.224     1.000     0.1807      0.3786      0.3779      0.0163
524     D         A           96           LEU            0.00           287    286     36     6.234     6.224     1.621     0.2518      0.4148      0.4141      0.0522
525     D         A           97           HIS            0.00           287    286     39     6.234     6.224     1.777     0.2697      0.4027      0.4019      0.0562
526     D         A           98           VAL            0.00           287    286     87     6.234     6.224     3.359     0.3508      0.4189      0.4182      0.1883
527     D         A           99           ASP            0.00           287    286    138     6.234     6.224     4.367     0.4319      0.4354      0.4346      0.2837
528     D         A          100           PRO            0.00           287    286     96     6.234     6.224     3.565     0.3563      0.4067      0.4060      0.1964
529     D         A          101           GLU            0.00           287    286    141     6.234     6.224     4.416     0.4786      0.4786      0.4779      0.3212
530     D         A          102           ASN            0.00           287    286    141     6.234     6.224     4.416     0.5228      0.5228      0.5221      0.3625
531     D         A          103           PHE            0.00           287    286    141     6.234     6.224     4.416     0.4986      0.4986      0.4978      0.3408
532     D         A          104           ARG            0.00           287    286    141     6.234     6.224     4.416     0.5535      0.5535      0.5528      0.3887
533     D         A          105           LEU            0.00           287    286    141     6.234     6.224     4.416     0.6326      0.6326      0.6319      0.4691
534     D         A          106           LEU            0.00           287    286    141     6.234     6.224     4.416     0.6576      0.6576      0.6570      0.4965
535     D         A          107           GLY            0.00           287    286    141     6.234     6.224     4.416     0.6287      0.6287      0.6280      0.4658
536     D         A          108           ASN            0.00           287    286    141     6.234     6.224     4.416     0.6321      0.6321      0.6314      0.4686
537     D         A          109           VAL            0.00           287    286    141     6.234     6.224     4.416     0.7015      0.7015      0.7008      0.5460
538     D         A          110           LEU            0.00           287    286    141     6.234     6.224     4.416     0.7082      0.7082      0.7076      0.5534
539     D         A          111           VAL            0.00           287    286    141     6.234     6.224     4.416     0.6886      0.6886      0.6879      0.5297
540     D         A          112           CYS            0.00           287    286    141     6.234     6.224     4.416     0.6864      0.6864      0.6857      0.5272
541     D         A          113           VAL            0.00           287    286    141     6.234     6.224     4.416     0.7285      0.7285      0.7279      0.5775
542     D         A          114           LEU            0.00           287    286    141     6.234     6.224     4.416     0.6784      0.6784      0.6777      0.5183
543     D         A          115           ALA            0.00           287    286    141     6.234     6.224     4.416     0.6570      0.6570      0.6563      0.4934
544     D         A          116           HIS            0.00           287    286    141     6.234     6.224     4.416     0.6799      0.6799      0.6792      0.5191
545     D         A          117           HIS            0.00           287    286    141     6.234     6.224     4.416     0.6359      0.6359      0.6352      0.4704
546     D         A          118           PHE            0.00           287    286    141     6.234     6.224     4.416     0.6196      0.6196      0.6189      0.4535
547     D         A          119           GLY            0.00           287    286    141     6.234     6.224     4.416     0.4177      0.4177      0.4169      0.2672
548     D         A          120           LYS            0.00           287    286    107     6.234     6.224     3.798     0.3224      0.3419      0.3412      0.1629
549     D         A          121           GLU            0.00           287    286    141     6.234     6.224     4.416     0.4803      0.4803      0.4796      0.3194
550     D         A          122           PHE            0.00           287    286    141     6.234     6.224     4.416     0.6293      0.6293      0.6286      0.4627
551     D         A          123           THR            0.00           287    286    141     6.234     6.224     4.416     0.6320      0.6320      0.6313      0.4654
552     D         A          124           PRO            0.00           287    286    141     6.234     6.224     4.416     0.6207      0.6207      0.6199      0.4529
553     D         A          125           PRO            0.00           287    286    141     6.234     6.224     4.416     0.6019      0.6019      0.6012      0.4339
554     D         A          126           VAL            0.00           287    286    141     6.234     6.224     4.416     0.6975      0.6975      0.6968      0.5396
555     D         A          127           GLN            0.00           287    286    141     6.234     6.224     4.416     0.6827      0.6827      0.6820      0.5223
556     D         A          128           ALA            0.00           287    286    141     6.234     6.224     4.416     0.6730      0.6730      0.6723      0.5108
557     D         A          129           ALA            0.00           287    286    141     6.234     6.224     4.416     0.6580      0.6580      0.6573      0.4951
558     D         A          130           TYR            0.00           287    286    141     6.234     6.224     4.416     0.7345      0.7345      0.7339      0.5845
559     D         A          131           GLN            0.00           287    286    141     6.234     6.224     4.416     0.6377      0.6377      0.6370      0.4727
560     D         A          132           LYS            0.00           287    286    141     6.234     6.224     4.416     0.6295      0.6295      0.6288      0.4638
561     D         A          133           VAL            0.00           287    286    141     6.234     6.224     4.416     0.6188      0.6188      0.6181      0.4544
562     D         A          134           VAL            0.00           287    286    141     6.234     6.224     4.416     0.6075      0.6075      0.6068      0.4424
563     D         A          135           ALA            0.00           287    286    141     6.234     6.224     4.416     0.5762      0.5762      0.5755      0.4098
564     D         A          136           GLY            0.00           287    286    141     6.234     6.224     4.416     0.5573      0.5573      0.5565      0.3913
565     D         A          137           VAL            0.00           287    286    141     6.234     6.224     4.416     0.5724      0.5724      0.5716      0.4082
566     D         A          138           ALA            0.00           287    286    141     6.234     6.224     4.416     0.5331      0.5331      0.5323      0.3682
567     D         A          139           ASN            0.00           287    286    141     6.234     6.224     4.416     0.5022      0.5022      0.5014      0.3405
568     D         A          140           ALA            0.00           287    286    141     6.234     6.224     4.416     0.4893      0.4893      0.4885      0.3288
569     D         A          141           LEU            0.00           287    286    141     6.234     6.224     4.416     0.4846      0.4846      0.4838      0.3247
570     D         A          142           ALA            0.00           287    286    124     6.234     6.224     4.123     0.3507      0.3624      0.3617      0.2016
571     D         A          143           HIS            0.00           287    286     84     6.234     6.224     3.286     0.3202      0.3673      0.3666      0.1432
572     D         A          144           LYS            0.00           287    286     49     6.234     6.224     2.217     0.2791      0.3593      0.3586      0.0696
573     D         A          145           TYR            0.00           287    286     31     6.234     6.224     1.325     0.2395      0.3318      0.3311      0.0226
574     D         A          146           HIS            0.00           287    286      7     6.234     6.224     1.000     0.1701      0.3929      0.3922      0.0172
429     D         B            1           VAL            0.00           287    279      0     6.234     6.155     1.000     0.0983      0.0000      0.0000      0.0000
430     D         B            2           HIS            0.00           287    279     14     6.234     6.155     1.000     0.1900      0.3601      0.3543      0.0149
431     D         B            3           LEU            0.00           287    279    141     6.234     6.155     4.416     0.4943      0.4943      0.4881      0.3354
432     D         B            4           THR            0.00           287    279    141     6.234     6.155     4.416     0.6174      0.6174      0.6115      0.4545
433     D         B            5           PRO            0.00           287    279    141     6.234     6.155     4.416     0.5741      0.5741      0.5681      0.4115
434     D         B            6           GLU            0.00           287    279    141     6.234     6.155     4.416     0.6241      0.6241      0.6183      0.4632
435     D         B            7           GLU            0.00           287    279    141     6.234     6.155     4.416     0.6436      0.6436      0.6380      0.4843
436     D         B            8           LYS            0.00           287    279    141     6.234     6.155     4.416     0.6915      0.6915      0.6863      0.5381
437     D         B            9           SER            0.00           287    279    141     6.234     6.155     4.416     0.6287      0.6287      0.6231      0.4701
438     D         B           10           ALA            0.00           287    279    141     6.234     6.155     4.416     0.7078      0.7078      0.7027      0.5590
439     D         B           11           VAL            0.00           287    279    141     6.234     6.155     4.416     0.7412      0.7412      0.7365      0.5991
440     D         B           12           THR            0.00           287    279    141     6.234     6.155     4.416     0.7253      0.7253      0.7204      0.5802
441     D         B           13           ALA            0.00           287    279    141     6.234     6.155     4.416     0.7218      0.7218      0.7169      0.5755
442     D         B           14           LEU            0.00           287    279    141     6.234     6.155     4.416     0.8004      0.8004      0.7964      0.6749
443     D         B           15           TRP            0.00           287    279    141     6.234     6.155     4.416     0.8110      0.8110      0.8072      0.6902
444     D         B           16           GLY            0.00           287    279    141     6.234     6.155     4.416     0.7115      0.7115      0.7065      0.5613
445     D         B           17           LYS            0.00           287    279    141     6.234     6.155     4.416     0.7346      0.7346      0.7298      0.5897
446     D         B           18           VAL            0.00           287    279    141     6.234     6.155     4.416     0.5729      0.5729      0.5669      0.4109
447     D         B           19           ASN            0.00           287    279    117     6.234     6.155     3.994     0.3800      0.4041      0.3982      0.2239
448     D         B           20           VAL            0.00           287    279     43     6.234     6.155     1.965     0.2604      0.3866      0.3808      0.0623
449     D         B           21           ASP            0.00           287    279     71     6.234     6.155     2.944     0.3178      0.4051      0.3992      0.1395
450     D         B           22           GLU            0.00           287    279    141     6.234     6.155     4.416     0.5025      0.5025      0.4966      0.3478
451     D         B           23           VAL            0.00           287    279    141     6.234     6.155     4.416     0.6751      0.6751      0.6698      0.5214
452     D         B           24           GLY            0.00           287    279    141     6.234     6.155     4.416     0.7147      0.7147      0.7097      0.5664
453     D         B           25           GLY            0.00           287    279    141     6.234     6.155     4.416     0.8087      0.8087      0.8050      0.6895
454     D         B           26           GLU            0.00           287    279    141     6.234     6.155     4.416     0.8739      0.8739      0.8711      0.7818
455     D         B           27           ALA            0.00           287    279    141     6.234     6.155     4.416     0.8727      0.8727      0.8700      0.7805
456     D         B           28           LEU            0.00           287    279    141     6.234     6.155     4.416     0.9036      0.9036      0.9014      0.8285
457     D         B           29           GLY            0.00           287    279    141     6.234     6.155     4.416     0.9057      0.9057      0.9036      0.8326
458     D         B           30           ARG            0.00           287    279    141     6.234     6.155     4.416     0.9353      0.9353      0.9338      0.8811
459     D         B           31           LEU            0.00           287    279    141     6.234     6.155     4.416     0.9209      0.9209      0.9191      0.8572
460     D         B           32           LEU            0.00           287    279    141     6.234     6.155     4.416     0.9131      0.9131      0.9111      0.8443
461     D         B           33           VAL            0.00           287    279    141     6.234     6.155     4.416     0.9340      0.9340      0.9325      0.8791
462     D         B           34           VAL            0.00           287    279    141     6.234     6.155     4.416     0.9257      0.9257      0.9240      0.8652
463     D         B           35           TYR            0.00           287    279    141     6.234     6.155     4.416     0.9289      0.9289      0.9272      0.8705
464     D         B           36           PRO            0.00           287    279    141     6.234     6.155     4.416     0.8775      0.8775      0.8749      0.7878
465     D         B           37           TRP            0.00           287    279    141     6.234     6.155     4.416     0.8585      0.8585      0.8554      0.7580
466     D         B           38           THR            0.00           287    279    141     6.234     6.155     4.416     0.8433      0.8433      0.8400      0.7355
467     D         B           39           GLN            0.00           287    279    141     6.234     6.155     4.416     0.8429      0.8429      0.8396      0.7334
468     D         B           40           ARG            0.00           287    279    141     6.234     6.155     4.416     0.6280      0.6280      0.6224      0.4701
469     D         B           41           PHE            0.00           287    279    141     6.234     6.155     4.416     0.4591      0.4591      0.4529      0.3031
470     D         B           42           PHE            0.00           287    279    141     6.234     6.155     4.416     0.5773      0.5773      0.5713      0.4131
471     D         B           43           GLU            0.00           287    279    141     6.234     6.155     4.416     0.4733      0.4733      0.4671      0.3149
472     D         B           44           SER            0.00           287    279    141     6.234     6.155     4.416     0.4621      0.4621      0.4560      0.3069
473     D         B           45           PHE            0.00           287    279    141     6.234     6.155     4.416     0.5433      0.5433      0.5371      0.3797
474     D         B           46           GLY            0.00           287    279    141     6.234     6.155     4.416     0.4537      0.4537      0.4477      0.3024
475     D         B           47           ASP            0.00           287    279    141     6.234     6.155     4.416     0.6392      0.6392      0.6335      0.4800
476     D         B           48           LEU            0.00           287    279    141     6.234     6.155     4.416     0.6857      0.6857      0.6804      0.5316
477     D         B           49           SER            0.00           287    279    141     6.234     6.155     4.416     0.6159      0.6159      0.6103      0.4625
478     D         B           50           THR            0.00           287    279    141     6.234     6.155     4.416     0.7824      0.7824      0.7782      0.6560
479     D         B           51           PRO            0.00           287    279    141     6.234     6.155     4.416     0.8151      0.8151      0.8114      0.6979
480     D         B           52           ASP            0.00           287    279    141     6.234     6.155     4.416     0.8220      0.8220      0.8184      0.7073
481     D         B           53           ALA            0.00           287    279    141     6.234     6.155     4.416     0.8003      0.8003      0.7964      0.6765
482     D         B           54           VAL            0.00           287    279    141     6.234     6.155     4.416     0.8477      0.8477      0.8445      0.7427
483     D         B           55           MET            0.00           287    279    141     6.234     6.155     4.416     0.8330      0.8330      0.8295      0.7210
484     D         B           56           GLY            0.00           287    279    141     6.234     6.155     4.416     0.8025      0.8025      0.7986      0.6796
485     D         B           57           ASN            0.00           287    279    141     6.234     6.155     4.416     0.7936      0.7936      0.7895      0.6663
486     D         B           58           PRO            0.00           287    279    141     6.234     6.155     4.416     0.6685      0.6685      0.6631      0.5135
487     D         B           59           LYS            0.00           287    279    141     6.234     6.155     4.416     0.7723      0.7723      0.7678      0.6351
488     D         B           60           VAL            0.00           287    279    141     6.234     6.155     4.416     0.8081      0.8081      0.8042      0.6849
489     D         B           61           LYS            0.00           287    279    141     6.234     6.155     4.416     0.7528      0.7528      0.7482      0.6109
490     D         B           62           ALA            0.00           287    279    141     6.234     6.155     4.416     0.7214      0.7214      0.7165      0.5733
491     D         B           63           HIS            0.00           287    279    141     6.234     6.155     4.416     0.7730      0.7730      0.7686      0.6374
492     D         B           64           GLY            0.00           287    279    141     6.234     6.155     4.416     0.6654      0.6654      0.6599      0.5072
493     D         B           65           LYS            0.00           287    279    141     6.234     6.155     4.416     0.7011      0.7011      0.6959      0.5479
494     D         B           66           LYS            0.00           287    279    141     6.234     6.155     4.416     0.6190      0.6190      0.6132      0.4565
495     D         B           67           VAL            0.00           287    279    141     6.234     6.155     4.416     0.5624      0.5624      0.5564      0.3999
496     D         B           68           LEU            0.00           287    279    141     6.234     6.155     4.416     0.5315      0.5315      0.5253      0.3683
497     D         B           69           GLY            0.00           287    279    141     6.234     6.155     4.416     0.6209      0.6209      0.6151      0.4594
498     D         B           70           ALA            0.00           287    279    141     6.234     6.155     4.416     0.5907      0.5907      0.5847      0.4275
499     D         B           71           PHE            0.00           287    279    141     6.234     6.155     4.416     0.5503      0.5503      0.5442      0.3862
500     D         B           72           SER            0.00           287    279    141     6.234     6.155     4.416     0.6481      0.6481      0.6424      0.4861
501     D         B           73           ASP            0.00           287    279    141     6.234     6.155     4.416     0.5562      0.5562      0.5501      0.3922
502     D         B           74           GLY            0.00           287    279    141     6.234     6.155     4.416     0.4961      0.4961      0.4899      0.3346
503     D         B           75           LEU            0.00           287    279    141     6.234     6.155     4.416     0.5550      0.5550      0.5489      0.3892
504     D         B           76           ALA            0.00           287    279    141     6.234     6.155     4.416     0.4873      0.4873      0.4810      0.3259
505     D         B           77           HIS            0.00           287    279    141     6.234     6.155     4.416     0.4450      0.4450      0.4388      0.2892
506     D         B           78           LEU            0.00           287    279    138     6.234     6.155     4.367     0.3770      0.3792      0.3732      0.2326
507     D         B           79           ASP            0.00           287    279    122     6.234     6.155     4.087     0.3711      0.3876      0.3817      0.2167
508     D         B           80           ASN            0.00           287    279     65     6.234     6.155     2.768     0.2853      0.3269      0.3213      0.0878
509     D         B           81           LEU            0.00           287    279    141     6.234     6.155     4.416     0.3826      0.3826      0.3767      0.2391
510     D         B           82           LYS            0.00           287    279    123     6.234     6.155     4.105     0.3388      0.3489      0.3432      0.1899
511     D         B           83           GLY            0.00           287    279     38     6.234     6.155     1.726     0.2617      0.3276      0.3220      0.0363
512     D         B           84           THR            0.00           287    279     16     6.234     6.155     1.000     0.2309      0.3029      0.2975      0.0111
513     D         B           85           PHE            0.00           287    279     28     6.234     6.155     1.116     0.2440      0.3138      0.3083      0.0145
514     D         B           86           ALA            0.00           287    279     53     6.234     6.155     2.369     0.2715      0.3248      0.3192      0.0654
515     D         B           87           THR            0.00           287    279      0     6.234     6.155     1.000     0.1887      0.0000      0.0000      0.0000
516     D         B           88           LEU            0.00           287    279     21     6.234     6.155     1.000     0.2317      0.3119      0.3064      0.0116
517     D         B           89           SER            0.00           287    279      0     6.234     6.155     1.000     0.1822      0.0000      0.0000      0.0000
518     D         B           90           GLU            0.00           287    279     11     6.234     6.155     1.000     0.2180      0.2965      0.2912      0.0107
519     D         B           91           LEU            0.00           287    279     21     6.234     6.155     1.000     0.2335      0.3080      0.3026      0.0114
520     D         B           92           HIS            0.00           287    279      2     6.234     6.155     1.000     0.2004      0.2885      0.2833      0.0103
521     D         B           93           CYS            0.00           287    279      0     6.234     6.155     1.000     0.1486      0.0000      0.0000      0.0000
522     D         B           94           ASP            0.00           287    279      0     6.234     6.155     1.000     0.1659      0.0000      0.0000      0.0000
523     D         B           95           LYS            0.00           287    279      0     6.234     6.155     1.000     0.1433      0.0000      0.0000      0.0000
524     D         B           96           LEU            0.00           287    279      9     6.234     6.155     1.000     0.1987      0.2978      0.2925      0.0108
525     D         B           97           HIS            0.00           287    279     10     6.234     6.155     1.000     0.2044      0.3122      0.3067      0.0116
526     D         B           98           VAL            0.00           287    279     78     6.234     6.155     3.134     0.3059      0.3486      0.3429      0.1209
527     D         B           99           ASP            0.00           287    279    141     6.234     6.155     4.416     0.4154      0.4154      0.4093      0.2657
528     D         B          100           PRO            0.00           287    279    141     6.234     6.155     4.416     0.4069      0.4069      0.4009      0.2596
529     D         B          101           GLU            0.00           287    279    141     6.234     6.155     4.416     0.5615      0.5615      0.5554      0.3965
530     D         B          102           ASN            0.00           287    279    141     6.234     6.155     4.416     0.5964      0.5964      0.5904      0.4320
531     D         B          103           PHE            0.00           287    279    141     6.234     6.155     4.416     0.6544      0.6544      0.6488      0.4955
532     D         B          104           ARG            0.00           287    279    141     6.234     6.155     4.416     0.8137      0.8137      0.8100      0.6941
533     D         B          105           LEU            0.00           287    279    141     6.234     6.155     4.416     0.8658      0.8658      0.8629      0.7697
534     D         B          106           LEU            0.00           287    279    141     6.234     6.155     4.416     0.8835      0.8835      0.8809      0.7967
535     D         B          107           GLY            0.00           287    279    141     6.234     6.155     4.416     0.8976      0.8976      0.8954      0.8202
536     D         B          108           ASN            0.00           287    279    141     6.234     6.155     4.416     0.9059      0.9059      0.9038      0.8339
537     D         B          109           VAL            0.00           287    279    141     6.234     6.155     4.416     0.9314      0.9314      0.9298      0.8751
538     D         B          110           LEU            0.00           287    279    141     6.234     6.155     4.416     0.9441      0.9441      0.9428      0.8968
539     D         B          111           VAL            0.00           287    279    141     6.234     6.155     4.416     0.9547      0.9547      0.9536      0.9155
540     D         B          112           CYS            0.00           287    279    141     6.234     6.155     4.416     0.9524      0.9524      0.9513      0.9113
541     D         B          113           VAL            0.00           287    279    141     6.234     6.155     4.416     0.9522      0.9522      0.9511      0.9108
542     D         B          114           LEU            0.00           287    279    141     6.234     6.155     4.416     0.9473      0.9473      0.9460      0.9023
543     D         B          115           ALA            0.00           287    279    141     6.234     6.155     4.416     0.9356      0.9356      0.9341      0.8825
544     D         B          116           HIS            0.00           287    279    141     6.234     6.155     4.416     0.9355      0.9355      0.9340      0.8819
545     D         B          117           HIS            0.00           287    279    141     6.234     6.155     4.416     0.8988      0.8988      0.8966      0.8225
546     D         B          118           PHE            0.00           287    279    141     6.234     6.155     4.416     0.9080      0.9080      0.9059      0.8366
547     D         B          119           GLY            0.00           287    279    141     6.234     6.155     4.416     0.8210      0.8210      0.8175      0.7095
548     D         B          120           LYS            0.00           287    279    141     6.234     6.155     4.416     0.7015      0.7015      0.6966      0.5603
549     D         B          121           GLU            0.00           287    279    141     6.234     6.155     4.416     0.8104      0.8104      0.8067      0.6942
550     D         B          122           PHE            0.00           287    279    141     6.234     6.155     4.416     0.9332      0.9332      0.9316      0.8781
551     D         B          123           THR            0.00           287    279    141     6.234     6.155     4.416     0.9315      0.9315      0.9299      0.8755
552     D         B          124           PRO            0.00           287    279    141     6.234     6.155     4.416     0.9315      0.9315      0.9299      0.8756
553     D         B          125           PRO            0.00           287    279    141     6.234     6.155     4.416     0.9222      0.9222      0.9204      0.8602
554     D         B          126           VAL            0.00           287    279    141     6.234     6.155     4.416     0.9356      0.9356      0.9341      0.8822
555     D         B          127           GLN            0.00           287    279    141     6.234     6.155     4.416     0.9500      0.9500      0.9488      0.9071
556     D         B          128           ALA            0.00           287    279    141     6.234     6.155     4.416     0.9380      0.9380      0.9365      0.8865
557     D         B          129           ALA            0.00           287    279    141     6.234     6.155     4.416     0.9271      0.9271      0.9254      0.8681
558     D         B          130           TYR            0.00           287    279    141     6.234     6.155     4.416     0.9402      0.9402      0.9388      0.8895
559     D         B          131           GLN            0.00           287    279    141     6.234     6.155     4.416     0.9165      0.9165      0.9145      0.8503
560     D         B          132           LYS            0.00           287    279    141     6.234     6.155     4.416     0.9095      0.9095      0.9074      0.8387
561     D         B          133           VAL            0.00           287    279    141     6.234     6.155     4.416     0.8796      0.8796      0.8770      0.7914
562     D         B          134           VAL            0.00           287    279    141     6.234     6.155     4.416     0.8410      0.8410      0.8377      0.7320
563     D         B          135           ALA            0.00           287    279    141     6.234     6.155     4.416     0.8625      0.8625      0.8596      0.7660
564     D         B          136           GLY            0.00           287    279    141     6.234     6.155     4.416     0.8453      0.8453      0.8421      0.7397
565     D         B          137           VAL            0.00           287    279    141     6.234     6.155     4.416     0.7845      0.7845      0.7803      0.6536
566     D         B          138           ALA            0.00           287    279    141     6.234     6.155     4.416     0.7129      0.7129      0.7077      0.5605
567     D         B          139           ASN            0.00           287    279    141     6.234     6.155     4.416     0.7138      0.7138      0.7088      0.5629
568     D         B          140           ALA            0.00           287    279    141     6.234     6.155     4.416     0.6763      0.6763      0.6709      0.5187
569     D         B          141           LEU            0.00           287    279    141     6.234     6.155     4.416     0.5411      0.5411      0.5348      0.3753
570     D         B          142           ALA            0.00           287    279    137     6.234     6.155     4.350     0.3500      0.3522      0.3464      0.2104
571     D         B          143           HIS            0.00           287    279    123     6.234     6.155     4.105     0.3432      0.3541      0.3483      0.1934
572     D         B          144           LYS            0.00           287    279     42     6.234     6.155     1.920     0.2650      0.3240      0.3184      0.0439
573     D         B          145           TYR            0.00           287    279      0     6.234     6.155     1.000     0.1868      0.0000      0.0000      0.0000
574     D         B          146           HIS            0.00           287    279      0     6.234     6.155     1.000     0.1312      0.0000      0.0000      0.0000
429     D         C            1           VAL            0.00           292    281      1     6.283     6.175     1.000     0.1126      0.2977      0.2905      0.0106
430     D         C            2           HIS            0.00           292    281     17     6.283     6.175     1.000     0.1948      0.3424      0.3347      0.0132
431     D         C            3           LEU            0.00           292    281    138     6.283     6.175     4.367     0.3762      0.3822      0.3741      0.2323
432     D         C            4           THR            0.00           292    281    146     6.283     6.175     4.498     0.4534      0.4534      0.4449      0.3005
433     D         C            5           PRO            0.00           292    281    146     6.283     6.175     4.498     0.4195      0.4195      0.4111      0.2719
434     D         C            6           GLU            0.00           292    281    144     6.283     6.175     4.465     0.3650      0.3662      0.3582      0.2271
435     D         C            7           GLU            0.00           292    281    146     6.283     6.175     4.498     0.3978      0.3978      0.3896      0.2545
436     D         C            8           LYS            0.00           292    281    146     6.283     6.175     4.498     0.4734      0.4734      0.4648      0.3174
437     D         C            9           SER            0.00           292    281    146     6.283     6.175     4.498     0.3920      0.3920      0.3838      0.2499
438     D         C           10           ALA            0.00           292    281    146     6.283     6.175     4.498     0.3901      0.3901      0.3820      0.2486
439     D         C           11           VAL            0.00           292    281    146     6.283     6.175     4.498     0.4529      0.4529      0.4444      0.2998
440     D         C           12           THR            0.00           292    281    146     6.283     6.175     4.498     0.5008      0.5008      0.4922      0.3417
441     D         C           13           ALA            0.00           292    281    146     6.283     6.175     4.498     0.4415      0.4415      0.4331      0.2899
442     D         C           14           LEU            0.00           292    281    146     6.283     6.175     4.498     0.4851      0.4851      0.4766      0.3274
443     D         C           15           TRP            0.00           292    281    146     6.283     6.175     4.498     0.4933      0.4933      0.4847      0.3345
444     D         C           16           GLY            0.00           292    281    146     6.283     6.175     4.498     0.4859      0.4859      0.4773      0.3279
445     D         C           17           LYS            0.00           292    281    146     6.283     6.175     4.498     0.4057      0.4057      0.3974      0.2604
446     D         C           18           VAL            0.00           292    281     72     6.283     6.175     2.972     0.2868      0.3203      0.3128      0.0958
447     D         C           19           ASN            0.00           292    281      0     6.283     6.175     1.000     0.1984      0.0000      0.0000      0.0000
448     D         C           20           VAL            0.00           292    281      0     6.283     6.175     1.000     0.1297      0.0000      0.0000      0.0000
449     D         C           21           ASP            0.00           292    281      0     6.283     6.175     1.000     0.1555      0.0000      0.0000      0.0000
450     D         C           22           GLU            0.00           292    281     13     6.283     6.175     1.000     0.2365      0.3071      0.2997      0.0111
451     D         C           23           VAL            0.00           292    281    145     6.283     6.175     4.482     0.3846      0.3854      0.3773      0.2431
452     D         C           24           GLY            0.00           292    281    146     6.283     6.175     4.498     0.4039      0.4039      0.3956      0.2587
453     D         C           25           GLY            0.00           292    281    146     6.283     6.175     4.498     0.4798      0.4798      0.4712      0.3224
454     D         C           26           GLU            0.00           292    281    146     6.283     6.175     4.498     0.5754      0.5754      0.5670      0.4129
455     D         C           27           ALA            0.00           292    281    146     6.283     6.175     4.498     0.5785      0.5785      0.5701      0.4154
456     D         C           28           LEU            0.00           292    281    146     6.283     6.175     4.498     0.6097      0.6097      0.6015      0.4474
457     D         C           29           GLY            0.00           292    281    146     6.283     6.175     4.498     0.5828      0.5828      0.5744      0.4200
458     D         C           30           ARG            0.00           292    281    146     6.283     6.175     4.498     0.6726      0.6726      0.6650      0.5167
459     D         C           31           LEU            0.00           292    281    146     6.283     6.175     4.498     0.6231      0.6231      0.6151      0.4622
460     D         C           32           LEU            0.00           292    281    146     6.283     6.175     4.498     0.6247      0.6247      0.6167      0.4634
461     D         C           33           VAL            0.00           292    281    146     6.283     6.175     4.498     0.6415      0.6415      0.6336      0.4821
462     D         C           34           VAL            0.00           292    281    146     6.283     6.175     4.498     0.6182      0.6182      0.6101      0.4567
463     D         C           35           TYR            0.00           292    281    146     6.283     6.175     4.498     0.6244      0.6244      0.6163      0.4630
464     D         C           36           PRO            0.00           292    281    146     6.283     6.175     4.498     0.5492      0.5492      0.5408      0.3874
465     D         C           37           TRP            0.00           292    281    146     6.283     6.175     4.498     0.5907      0.5907      0.5825      0.4290
466     D         C           38           THR            0.00           292    281    146     6.283     6.175     4.498     0.5523      0.5523      0.5438      0.3898
467     D         C           39           GLN            0.00           292    281    146     6.283     6.175     4.498     0.5867      0.5867      0.5784      0.4240
468     D         C           40           ARG            0.00           292    281    141     6.283     6.175     4.416     0.3637      0.3670      0.3591      0.2242
469     D         C           41           PHE            0.00           292    281    125     6.283     6.175     4.141     0.3336      0.3442      0.3364      0.1865
470     D         C           42           PHE            0.00           292    281    146     6.283     6.175     4.498     0.3946      0.3946      0.3864      0.2515
471     D         C           43           GLU            0.00           292    281    141     6.283     6.175     4.416     0.3656      0.3689      0.3609      0.2254
472     D         C           44           SER            0.00           292    281     79     6.283     6.175     3.160     0.2965      0.3302      0.3226      0.1113
473     D         C           45           PHE            0.00           292    281    145     6.283     6.175     4.482     0.3577      0.3583      0.3504      0.2220
474     D         C           46           GLY            0.00           292    281     49     6.283     6.175     2.217     0.2665      0.3099      0.3025      0.0531
475     D         C           47           ASP            0.00           292    281    146     6.283     6.175     4.498     0.3585      0.3585      0.3506      0.2233
476     D         C           48           LEU            0.00           292    281    146     6.283     6.175     4.498     0.4135      0.4135      0.4051      0.2663
477     D         C           49           SER            0.00           292    281     93     6.283     6.175     3.498     0.3084      0.3296      0.3220      0.1327
478     D         C           50           THR            0.00           292    281    146     6.283     6.175     4.498     0.4130      0.4130      0.4046      0.2661
479     D         C           51           PRO            0.00           292    281    146     6.283     6.175     4.498     0.4974      0.4974      0.4888      0.3382
480     D         C           52           ASP            0.00           292    281    146     6.283     6.175     4.498     0.4813      0.4813      0.4727      0.3237
481     D         C           53           ALA            0.00           292    281    146     6.283     6.175     4.498     0.4981      0.4981      0.4895      0.3388
482     D         C           54           VAL            0.00           292    281    146     6.283     6.175     4.498     0.5361      0.5361      0.5275      0.3738
483     D         C           55           MET            0.00           292    281    146     6.283     6.175     4.498     0.5165      0.5165      0.5079      0.3553
484     D         C           56           GLY            0.00           292    281    146     6.283     6.175     4.498     0.4516      0.4516      0.4430      0.2982
485     D         C           57           ASN            0.00           292    281    146     6.283     6.175     4.498     0.4951      0.4951      0.4865      0.3359
486     D         C           58           PRO            0.00           292    281    146     6.283     6.175     4.498     0.3819      0.3819      0.3738      0.2416
487     D         C           59           LYS            0.00           292    281    146     6.283     6.175     4.498     0.5327      0.5327      0.5241      0.3706
488     D         C           60           VAL            0.00           292    281    146     6.283     6.175     4.498     0.5083      0.5083      0.4997      0.3479
489     D         C           61           LYS            0.00           292    281    146     6.283     6.175     4.498     0.4463      0.4463      0.4378      0.2934
490     D         C           62           ALA            0.00           292    281    146     6.283     6.175     4.498     0.4552      0.4552      0.4466      0.3013
491     D         C           63           HIS            0.00           292    281    146     6.283     6.175     4.498     0.4979      0.4979      0.4893      0.3383
492     D         C           64           GLY            0.00           292    281    146     6.283     6.175     4.498     0.3902      0.3902      0.3820      0.2478
493     D         C           65           LYS            0.00           292    281    146     6.283     6.175     4.498     0.4111      0.4111      0.4028      0.2645
494     D         C           66           LYS            0.00           292    281    146     6.283     6.175     4.498     0.4014      0.4014      0.3931      0.2569
495     D         C           67           VAL            0.00           292    281    135     6.283     6.175     4.316     0.3482      0.3541      0.3462      0.2064
496     D         C           68           LEU            0.00           292    281     96     6.283     6.175     3.565     0.3030      0.3269      0.3193      0.1357
497     D         C           69           GLY            0.00           292    281    146     6.283     6.175     4.498     0.3726      0.3726      0.3646      0.2343
498     D         C           70           ALA            0.00           292    281    139     6.283     6.175     4.383     0.3646      0.3690      0.3610      0.2227
499     D         C           71           PHE            0.00           292    281    127     6.283     6.175     4.177     0.3387      0.3490      0.3412      0.1924
500     D         C           72           SER            0.00           292    281    146     6.283     6.175     4.498     0.3959      0.3959      0.3877      0.2525
501     D         C           73           ASP            0.00           292    281    135     6.283     6.175     4.316     0.3572      0.3638      0.3558      0.2135
502     D         C           74           GLY            0.00           292    281    112     6.283     6.175     3.897     0.3192      0.3364      0.3287      0.1638
503     D         C           75           LEU            0.00           292    281    136     6.283     6.175     4.333     0.3536      0.3592      0.3513      0.2113
504     D         C           76           ALA            0.00           292    281     72     6.283     6.175     2.972     0.2829      0.3154      0.3079      0.0936
505     D         C           77           HIS            0.00           292    281    136     6.283     6.175     4.333     0.3640      0.3710      0.3630      0.2204
506     D         C           78           LEU            0.00           292    281     64     6.283     6.175     2.738     0.2806      0.3241      0.3165      0.0838
507     D         C           79           ASP            0.00           292    281     53     6.283     6.175     2.369     0.2653      0.3277      0.3202      0.0653
508     D         C           80           ASN            0.00           292    281     16     6.283     6.175     1.000     0.2275      0.3043      0.2970      0.0110
509     D         C           81           LEU            0.00           292    281    100     6.283     6.175     3.652     0.3133      0.3402      0.3325      0.1492
510     D         C           82           LYS            0.00           292    281     72     6.283     6.175     2.972     0.2880      0.3302      0.3226      0.1001
511     D         C           83           GLY            0.00           292    281     40     6.283     6.175     1.826     0.2510      0.3126      0.3052      0.0372
512     D         C           84           THR            0.00           292    281      3     6.283     6.175     1.000     0.2066      0.3003      0.2930      0.0108
513     D         C           85           PHE            0.00           292    281     13     6.283     6.175     1.000     0.2202      0.2932      0.2860      0.0104
514     D         C           86           ALA            0.00           292    281     12     6.283     6.175     1.000     0.2228      0.2998      0.2925      0.0107
515     D         C           87           THR            0.00           292    281      0     6.283     6.175     1.000     0.1731      0.0000      0.0000      0.0000
516     D         C           88           LEU            0.00           292    281      2     6.283     6.175     1.000     0.2103      0.3013      0.2940      0.0108
517     D         C           89           SER            0.00           292    281      0     6.283     6.175     1.000     0.1718      0.0000      0.0000      0.0000
518     D         C           90           GLU            0.00           292    281      9     6.283     6.175     1.000     0.2149      0.2909      0.2837      0.0103
519     D         C           91           LEU            0.00           292    281      4     6.283     6.175     1.000     0.2085      0.2900      0.2828      0.0102
520     D         C           92           HIS            0.00           292    281      0     6.283     6.175     1.000     0.1888      0.0000      0.0000      0.0000
521     D         C           93           CYS            0.00           292    281      0     6.283     6.175     1.000     0.1451      0.0000      0.0000      0.0000
522     D         C           94           ASP            0.00           292    281      0     6.283     6.175     1.000     0.1768      0.0000      0.0000      0.0000
523     D         C           95           LYS            0.00           292    281      0     6.283     6.175     1.000     0.1410      0.0000      0.0000      0.0000
524     D         C           96           LEU            0.00           292    281      0     6.283     6.175     1.000     0.1644      0.0000      0.0000      0.0000
525     D         C           97           HIS            0.00           292    281      0     6.283     6.175     1.000     0.1871      0.0000      0.0000      0.0000
526     D         C           98           VAL            0.00           292    281     29     6.283     6.175     1.189     0.2466      0.3217      0.3142      0.0168
527     D         C           99           ASP            0.00           292    281    128     6.283     6.175     4.195     0.3345      0.3437      0.3360      0.1902
528     D         C          100           PRO            0.00           292    281     49     6.283     6.175     2.217     0.2619      0.3108      0.3034      0.0534
529     D         C          101           GLU            0.00           292    281    146     6.283     6.175     4.498     0.4003      0.4003      0.3921      0.2563
530     D         C          102           ASN            0.00           292    281    146     6.283     6.175     4.498     0.3997      0.3997      0.3914      0.2559
531     D         C          103           PHE            0.00           292    281    146     6.283     6.175     4.498     0.4053      0.4053      0.3970      0.2601
532     D         C          104           ARG            0.00           292    281    146     6.283     6.175     4.498     0.4846      0.4846      0.4760      0.3269
533     D         C          105           LEU            0.00           292    281    146     6.283     6.175     4.498     0.5694      0.5694      0.5610      0.4064
534     D         C          106           LEU            0.00           292    281    146     6.283     6.175     4.498     0.5662      0.5662      0.5578      0.4034
535     D         C          107           GLY            0.00           292    281    146     6.283     6.175     4.498     0.5470      0.5470      0.5385      0.3846
536     D         C          108           ASN            0.00           292    281    146     6.283     6.175     4.498     0.5811      0.5811      0.5728      0.4186
537     D         C          109           VAL            0.00           292    281    146     6.283     6.175     4.498     0.6364      0.6364      0.6284      0.4768
538     D         C          110           LEU            0.00           292    281    146     6.283     6.175     4.498     0.6236      0.6236      0.6156      0.4626
539     D         C          111           VAL            0.00           292    281    146     6.283     6.175     4.498     0.6248      0.6248      0.6168      0.4637
540     D         C          112           CYS            0.00           292    281    146     6.283     6.175     4.498     0.6669      0.6669      0.6593      0.5094
541     D         C          113           VAL            0.00           292    281    146     6.283     6.175     4.498     0.6550      0.6550      0.6473      0.4971
542     D         C          114           LEU            0.00           292    281    146     6.283     6.175     4.498     0.5954      0.5954      0.5872      0.4329
543     D         C          115           ALA            0.00           292    281    146     6.283     6.175     4.498     0.6056      0.6056      0.5974      0.4429
544     D         C          116           HIS            0.00           292    281    146     6.283     6.175     4.498     0.6570      0.6570      0.6492      0.4982
545     D         C          117           HIS            0.00           292    281    146     6.283     6.175     4.498     0.5706      0.5706      0.5622      0.4076
546     D         C          118           PHE            0.00           292    281    146     6.283     6.175     4.498     0.5530      0.5530      0.5444      0.3899
547     D         C          119           GLY            0.00           292    281    146     6.283     6.175     4.498     0.3883      0.3883      0.3802      0.2472
548     D         C          120           LYS            0.00           292    281     97     6.283     6.175     3.587     0.3161      0.3424      0.3346      0.1458
549     D         C          121           GLU            0.00           292    281    146     6.283     6.175     4.498     0.4869      0.4869      0.4783      0.3290
550     D         C          122           PHE            0.00           292    281    146     6.283     6.175     4.498     0.6168      0.6168      0.6087      0.4548
551     D         C          123           THR            0.00           292    281    146     6.283     6.175     4.498     0.6257      0.6257      0.6177      0.4651
552     D         C          124           PRO            0.00           292    281    146     6.283     6.175     4.498     0.6244      0.6244      0.6163      0.4629
553     D         C          125           PRO            0.00           292    281    146     6.283     6.175     4.498     0.5845      0.5845      0.5762      0.4220
554     D         C          126           VAL            0.00           292    281    146     6.283     6.175     4.498     0.6386      0.6386      0.6307      0.4783
555     D         C          127           GLN            0.00           292    281    146     6.283     6.175     4.498     0.6679      0.6679      0.6602      0.5110
556     D         C          128           ALA            0.00           292    281    146     6.283     6.175     4.498     0.6590      0.6590      0.6513      0.5009
557     D         C          129           ALA            0.00           292    281    146     6.283     6.175     4.498     0.6231      0.6231      0.6150      0.4615
558     D         C          130           TYR            0.00           292    281    146     6.283     6.175     4.498     0.6740      0.6740      0.6665      0.5178
559     D         C          131           GLN            0.00           292    281    146     6.283     6.175     4.498     0.6247      0.6247      0.6166      0.4634
560     D         C          132           LYS            0.00           292    281    146     6.283     6.175     4.498     0.5920      0.5920      0.5837      0.4295
561     D         C          133           VAL            0.00           292    281    146     6.283     6.175     4.498     0.5699      0.5699      0.5614      0.4066
562     D         C          134           VAL            0.00           292    281    146     6.283     6.175     4.498     0.5457      0.5457      0.5372      0.3834
563     D         C          135           ALA            0.00           292    281    146     6.283     6.175     4.498     0.5580      0.5580      0.5495      0.3954
564     D         C          136           GLY            0.00           292    281    146     6.283     6.175     4.498     0.5257      0.5257      0.5171      0.3647
565     D         C          137           VAL            0.00           292    281    146     6.283     6.175     4.498     0.5104      0.5104      0.5018      0.3500
566     D         C          138           ALA            0.00           292    281    146     6.283     6.175     4.498     0.4851      0.4851      0.4765      0.3272
567     D         C          139           ASN            0.00           292    281    146     6.283     6.175     4.498     0.4689      0.4689      0.4604      0.3139
568     D         C          140           ALA            0.00           292    281    146     6.283     6.175     4.498     0.4826      0.4826      0.4740      0.3254
569     D         C          141           LEU            0.00           292    281    146     6.283     6.175     4.498     0.4282      0.4282      0.4198      0.2789
570     D         C          142           ALA            0.00           292    281    103     6.283     6.175     3.715     0.3164      0.3427      0.3349      0.1553
571     D         C          143           HIS            0.00           292    281     72     6.283     6.175     2.972     0.2923      0.3416      0.3338      0.1050
572     D         C          144           LYS            0.00           292    281     56     6.283     6.175     2.476     0.2771      0.3424      0.3347      0.0757
573     D         C          145           TYR            0.00           292    281     25     6.283     6.175     1.000     0.2258      0.3181      0.3106      0.0118
574     D         C          146           HIS            0.00           292    281      2     6.283     6.175     1.000     0.1592      0.3728      0.3648      0.0150
